borough_code,pct_recyc_2018,pct_recyc_2009,pct_change,the_geom,lots_parking,the_geom_webmercator,acres,acs_tooltip,acs_tooltip_2,acs_tooltip_3,area_sqmi,borocd,cb_email,cb_website,cd_full_title,cd_short_title,cd_son_fy2018,cd_tot_bldgs,cd_tot_resunits,count_hosp_clinic,count_libraries,count_parks,count_public_schools,crime_count,crime_count_boro,crime_count_nyc,crime_per_1000,crime_per_1000_boro,crime_per_1000_nyc,female_10_14,female_15_19,female_20_24,female_25_29,female_30_34,female_35_39,female_40_44,female_45_49,female_5_9,female_50_54,female_55_59,female_60_64,female_65_69,female_70_74,female_75_79,female_80_84,female_85_over,female_under_5,fp_100_area,fp_100_bldg,fp_100_cost_burden,fp_100_cost_burden_value,fp_100_mhhi,fp_100_mortg_value,fp_100_openspace,fp_100_ownerocc,fp_100_ownerocc_value,fp_100_permortg,fp_100_pop,fp_100_rent_burden,fp_100_rent_burden_value,fp_100_resunits,fp_500_area,fp_500_bldg,fp_500_cost_burden,fp_500_cost_burden_value,fp_500_mhhi,fp_500_mortg_value,fp_500_openspace,fp_500_ownerocc,fp_500_ownerocc_value,fp_500_permortg,fp_500_pop,fp_500_rent_burden,fp_500_rent_burden_value,fp_500_resunits,lep_rate,lep_rate_boro,lep_rate_nyc,lot_area_commercial_office,lot_area_industrial_manufacturing,lot_area_mixed_use,lot_area_open_space,lot_area_other_no_data,lot_area_parking,lot_area_public_facility_institution,lot_area_res_1_2_family_bldg,lot_area_res_multifamily_elevator,lot_area_res_multifamily_walkup,lot_area_transportation_utility,lot_area_vacant,lots_commercial_office,lots_industrial_manufacturing,lots_mixed_use,lots_open_space,lots_other_no_data,cartodb_id,lots_public_facility_institution,lots_res_1_2_family_bldg,lots_res_multifamily_elevator,lots_res_multifamily_walkup,lots_total,lots_transportation_utility,lots_vacant,male_10_14,male_15_19,male_20_24,male_25_29,male_30_34,male_35_39,male_40_44,male_45_49,male_5_9,male_50_54,male_55_59,male_60_64,male_65_69,male_70_74,male_75_79,male_80_84,male_85_over,male_under_5,mean_commute,mean_commute_boro,mean_commute_nyc,moe_bach_deg,moe_bach_deg_boro,moe_bach_deg_nyc,moe_foreign_born,moe_hh_rent_burd,moe_hh_rent_burd_boro,moe_hh_rent_burd_nyc,moe_lep_rate,moe_lep_rate_boro,moe_lep_rate_nyc,moe_mean_commute,moe_mean_commute_boro,moe_mean_commute_nyc,moe_over65_rate,moe_over65_rate_boro,moe_over65_rate_nyc,moe_poverty_rate,moe_under18_rate,moe_under18_rate_boro,moe_under18_rate_nyc,moe_unemnployment,moe_unemployment_boro,moe_unemployment_cd,neighborhoods,over65_rate,over65_rate_boro,over65_rate_nyc,pct_asian_nh,pct_bach_deg,pct_bach_deg_boro,pct_bach_deg_nyc,pct_black_nh,pct_clean_strts,pct_clean_strts_boro,pct_clean_strts_nyc,pct_foreign_born,pct_hh_rent_burd,pct_hh_rent_burd_boro,pct_hh_rent_burd_nyc,pct_hispanic,pct_other_nh,pct_served_parks,pct_white_nh,pop_2000,pop_2010,pop_acs,pop_change_00_10,poverty_rate,poverty_rate_boro,poverty_rate_nyc,puma,shared_puma,shared_puma_cd,son_issue_1,son_issue_2,son_issue_3,total_lot_area,under18_rate,under18_rate_boro,under18_rate_nyc,unemployment_boro,unemployment_cd,unemployment_nyc
101,0.45706806069628864,0.5254816131380983,-0.1301920956534598,,23,,976.3,"American Community Survey 2013-2017 5-Year Estimates for PUMA 3810, which is an approximation of both Manhattan CD 1 and Manhattan CD 2","American Community Survey (ACS) 2013-2017 5-year estimates for floodplain area within PUMA 3810, which is an approximation of Manhattan CD 1.",2010 Census population counts for floodplain area within Manhattan CD 1.,1.5,101,man01@cb.nyc.gov,www1.nyc.gov/site/manhattancb1/index.page,Manhattan Community District 1,Manhattan CD 1,http://www1.nyc.gov/assets/planning/download/pdf/community/community-portal/statement_needs/mn01_statement_2018.pdf,1729,39547,7,1,28,22,1099,25961,96515,15.634251999999998,15.7,11.8,1.1,2.4,4.2,7.3,6.6,4.7,3.5,2.9,1.8,2.2,2.3,2.5,2.3,1.7,1.0,0.7,1.1,2.6,1.78,678,0.284774312,2164,121000.0,4900,0.040999999999999995,0.22059335800000002,7599,0.644821687,16733,0.353231684,7367,19061,2.53,1036,0.284528228,2913,118000.0,6272,0.042,0.24198161199999998,10238,0.612619652,29221,0.350056009,8750,28097,5.8,15.5,23.1,7865158,252207,4271043,1453796,5345624,433550,10274554,45535,1746495,185913,4107387,134060,343,78,578,25,11,1,69,33,167,65,1448,33,23,1.4,1.9,2.5,6.0,6.7,5.7,3.7,3.3,1.7,2.8,2.5,2.7,1.9,1.2,0.8,0.7,0.7,2.9,25.2,31.8,40.8,1.0,0.3,0.2,1.1,1.6,0.5,0.3,0.6,0.3,0.1,0.5,0.2,0.1,0.7,0.1,0.1,0.7,0.6,0.1,0.1,0.1,0.2,0.3,"Battery Park City, Civic Center, Ellis Island, Governors Island, Liberty Island, South Street Seaport, Tribeca, Wall Street, World Trade Center",12.2,15.3,13.6,15.7,82.3,60.7,36.7,2.3,95.4,94.1,95.1,23.9,31.0,36.9,44.5,6.4,3.2,100,72.0,34420,60978,,0.77,8.8,14.4,19.8,3810,True,Manhattan CD 2,Resiliency,Traffic,Other,36115322,12.8,14.5,21,4.2,2.8,4.9
102,0.40503037259647073,0.3576755225167286,0.1323961163082592,,52,,865.9,"American Community Survey 2013-2017 5-Year Estimates for PUMA 3810, which is an approximation of both Manhattan CD 2 and Manhattan CD 1","American Community Survey (ACS) 2013-2017 5-year estimates for floodplain area within PUMA 3810, which is an approximation of Manhattan CD 2.",2010 Census population counts for floodplain area within Manhattan CD 2.,1.4,102,bgormley@cb.nyc.gov,www.nyc.gov/html/mancb2,Manhattan Community District 2,Manhattan CD 2,http://www1.nyc.gov/assets/planning/download/pdf/community/community-portal/statement_needs/mn02_statement_2018.pdf,5360,60146,14,4,16,11,2353,25961,96515,25.876288,15.7,11.8,1.1,2.4,4.2,7.3,6.6,4.7,3.5,2.9,1.8,2.2,2.3,2.5,2.3,1.7,1.0,0.7,1.1,2.6,0.25,346,0.284774312,2164,121000.0,4900,0.001,0.22059335800000002,7599,0.644821687,5038,0.353231684,7367,4490,0.39,777,0.284528228,2913,118000.0,6272,0.001,0.24198161199999998,10238,0.612619652,10198,0.350056009,8750,7620,5.8,15.5,23.1,4350553,644242,6288962,846180,132080,347473,2232810,1025372,3485056,2420855,2731028,1191821,558,115,1703,28,17,2,174,623,442,924,4699,23,40,1.4,1.9,2.5,6.0,6.7,5.7,3.7,3.3,1.7,2.8,2.5,2.7,1.9,1.2,0.8,0.7,0.7,2.9,25.2,31.8,40.8,1.0,0.3,0.2,1.1,1.6,0.5,0.3,0.6,0.3,0.1,0.5,0.2,0.1,0.7,0.1,0.1,0.7,0.6,0.1,0.1,0.1,0.2,0.3,"Greenwich Village, Hudson Square, Little Italy, NoHo, SoHo, South Village, West Village",12.2,15.3,13.6,15.7,82.3,60.7,36.7,2.3,96.3,94.1,95.1,23.9,31.0,36.9,44.5,6.4,3.2,100,72.0,93119,90016,,-0.03,8.8,14.4,19.8,3810,True,Manhattan CD 1,Affordable housing,Parks,Schools,25696432,12.8,14.5,21,4.2,2.8,4.9
103,0.2201182515157241,0.2093097425169256,0.051638824207738354,,57,,1076.9,"American Community Survey 2013-2017 5-Year Estimates for PUMA 3809, which is an approximation of Manhattan CD 3","American Community Survey (ACS) 2013-2017 5-year estimates for floodplain area within PUMA 3809, which is an approximation of Manhattan CD 3.",2010 Census population counts for floodplain area within Manhattan CD 3.,1.7,103,info@cb3manhattan.org,www.nyc.gov/html/mancb3,Manhattan Community District 3,Manhattan CD 3,http://www1.nyc.gov/assets/planning/download/pdf/community/community-portal/statement_needs/mn03_statement_2018.pdf,4680,79856,34,5,39,46,2375,25961,96515,14.953954999999999,15.7,11.8,1.5,3.0,3.8,6.3,4.4,3.5,2.9,3.2,1.2,2.9,3.0,3.5,2.8,2.2,1.7,1.4,2.0,1.6,0.53,495,0.155306299,360,18000.0,932,0.121,0.111996908,2318,0.402070751,32294,0.463410483,8169,21052,0.94,819,0.161082474,500,21000.0,1315,0.149,0.106890733,3104,0.423646907,47273,0.458434026,11382,27544,29.4,15.5,23.1,1262797,370317,8706820,5568872,34365,316724,3504544,95111,7995555,2696581,1562428,1577938,278,103,2024,124,6,3,277,65,254,928,4234,30,88,1.7,2.6,3.7,6.5,5.5,4.2,3.0,3.3,1.8,3.1,2.7,2.5,2.0,1.9,1.1,1.0,0.9,1.6,31.5,31.8,40.8,1.4,0.3,0.2,1.2,1.7,0.5,0.3,1.3,0.3,0.1,0.8,0.2,0.1,0.7,0.1,0.1,1.1,0.7,0.1,0.1,0.1,0.2,0.5,"Chinatown, East Village, Lower East Side, NoHo, Two Bridges",17.0,15.3,13.6,32.1,43.0,60.7,36.7,7.4,91.0,94.1,95.1,34.9,38.5,36.9,44.5,25.1,3.1,100,32.7,164407,163277,159652.0,-0.01,19.3,14.4,19.8,3809,False,,Affordable housing,Senior services,Other,33692052,11.7,14.5,21,4.2,4.1,4.9
104,0.3720489519177717,0.37666509376988916,-0.012255295031234126,,77,,1131.6,"American Community Survey 2013-2017 5-Year Estimates for PUMA 3807, which is an approximation of both Manhattan CD 4 and Manhattan CD 5","American Community Survey (ACS) 2013-2017 5-year estimates for floodplain area within PUMA 3807, which is an approximation of Manhattan CD 4.",2010 Census population counts for floodplain area within Manhattan CD 4.,1.8,104,jbodine@cb.nyc.gov,www.nyc.gov/mcb4,Manhattan Community District 4,Manhattan CD 4,http://www1.nyc.gov/assets/planning/download/pdf/community/community-portal/statement_needs/mn04_statement_2018.pdf,3925,85030,25,2,23,30,2462,25961,96515,20.731942,15.7,11.8,1.1,1.7,4.4,7.4,6.1,3.7,2.8,2.5,0.9,2.5,2.8,2.6,2.2,1.9,1.4,0.7,0.9,1.7,0.57,377,0.244212099,327,105000.0,907,0.006999999999999999,0.086037396,1339,0.6773711729999999,2957,0.423210211,5007,10209,0.86,600,0.246236559,458,103000.0,1229,0.022000000000000002,0.10180624,1860,0.660752688,9609,0.43489678299999995,5962,17213,9.6,15.5,23.1,5177424,1210626,6805740,827018,32816,1122007,3839650,278552,4765298,2503410,9145958,2468769,430,126,983,21,6,4,166,161,313,961,3410,89,77,0.6,1.0,3.7,7.0,7.7,5.0,5.2,3.9,1.3,3.6,3.6,3.0,2.4,1.3,1.1,0.6,0.4,1.5,26.6,31.8,40.8,1.2,0.3,0.2,1.1,1.8,0.5,0.3,0.8,0.3,0.1,0.5,0.2,0.1,0.6,0.1,0.1,0.8,0.8,0.1,0.1,0.1,0.2,0.5,"Chelsea, Clinton, Hudson Yards",12.9,15.3,13.6,16.6,74.4,60.7,36.7,6.0,95.6,94.1,95.1,29.4,33.8,36.9,44.5,15.1,2.8,94,59.3,87479,103245,,0.18,11.3,14.4,19.8,3807,True,Manhattan CD 5,Affordable housing,Neighborhood preservation (development trends),Traffic,38177268,8.2,14.5,21,4.2,3.7,4.9
105,0.3465141812563756,0.33444170133542994,0.03609741211320272,,39,,1005.4,"American Community Survey 2013-2017 5-Year Estimates for PUMA 3807, which is an approximation of both Manhattan CD 5 and Manhattan CD 4","American Community Survey (ACS) 2013-2017 5-year estimates for floodplain area within PUMA 3807, which is an approximation of Manhattan CD 5.",2010 Census population counts for floodplain area within Manhattan CD 5.,1.6,105,office@cb5.org,www.cb5.org,Manhattan Community District 5,Manhattan CD 5,http://www1.nyc.gov/assets/planning/download/pdf/community/community-portal/statement_needs/mn05_statement_2018.pdf,3207,45268,17,7,10,15,4600,25961,96515,87.22637900000001,15.7,11.8,1.1,1.7,4.4,7.4,6.1,3.7,2.8,2.5,0.9,2.5,2.8,2.6,2.2,1.9,1.4,0.7,0.9,1.7,0.0,0,0.0,327,,907,0.0,0.0,1339,0.0,0,0.0,5007,0,0.0,0,0.0,458,,1229,0.0,0.0,1860,0.0,0,0.0,5962,0,9.6,15.5,23.1,18157447,679097,3906443,428912,61079,279838,1842831,24484,1534501,191188,803564,283238,1565,134,730,6,8,5,112,15,187,77,2982,22,87,0.6,1.0,3.7,7.0,7.7,5.0,5.2,3.9,1.3,3.6,3.6,3.0,2.4,1.3,1.1,0.6,0.4,1.5,26.6,31.8,40.8,1.2,0.3,0.2,1.1,1.8,0.5,0.3,0.8,0.3,0.1,0.5,0.2,0.1,0.6,0.1,0.1,0.8,0.8,0.1,0.1,0.1,0.2,0.5,"Flatiron, Gramercy Park, Herald Square, Midtown, Midtown South, Murray Hill, Times Square, Union Square",12.9,15.3,13.6,16.6,74.4,60.7,36.7,6.0,94.4,94.1,95.1,29.4,33.8,36.9,44.5,15.1,2.8,95,59.3,44028,51673,,0.17,11.3,14.4,19.8,3807,True,Manhattan CD 4,Affordable housing,Social services (including services for the homeless),Transit (buses & subways),28192622,8.2,14.5,21,4.2,3.7,4.9
106,0.3416526337985118,0.3907320416552112,-0.1256088639385452,,22,,888.5,"American Community Survey 2013-2017 5-Year Estimates for PUMA 3808, which is an approximation of Manhattan CD 6","American Community Survey (ACS) 2013-2017 5-year estimates for floodplain area within PUMA 3808, which is an approximation of Manhattan CD 6.",2010 Census population counts for floodplain area within Manhattan CD 6.,1.4,106,office@cbsix.org,www.cbsix.org,Manhattan Community District 6,Manhattan CD 6,http://www1.nyc.gov/assets/planning/download/pdf/community/community-portal/statement_needs/mn06_statement_2018.pdf,3098,99158,43,3,18,17,1605,25961,96515,11.039954,15.7,11.8,0.8,2.1,5.2,8.8,5.6,3.5,3.3,2.6,1.1,2.9,2.8,3.0,3.1,2.8,1.8,1.3,1.7,1.7,0.33,160,0.19309600899999999,358,92000.0,758,0.012,0.16022815699999998,1854,0.408845739,9455,0.408417025,3416,18432,0.57,222,0.176162791,303,88000.0,649,0.013999999999999999,0.12228067699999999,1720,0.377325581,14084,0.441384309,4872,20058,6.1,15.5,23.1,3642409,11355,8896434,854143,52544,159738,4266342,437301,4269990,1151423,1371679,592565,318,3,947,35,2,6,208,259,417,499,2791,37,44,1.1,1.2,3.8,7.3,5.4,3.4,2.5,2.6,1.1,2.8,2.9,2.3,2.5,1.7,1.4,1.1,0.9,1.9,26.4,31.8,40.8,1.2,0.3,0.2,1.4,2.1,0.5,0.3,0.8,0.3,0.1,0.6,0.2,0.1,0.9,0.1,0.1,0.9,0.8,0.1,0.1,0.1,0.2,0.4,"Beekman Place, Gramercy Park, Murray Hill, Peter Cooper Village, Stuyvesant Town, Sutton Place, Tudor City, Turtle Bay",18.3,15.3,13.6,15.8,79.4,60.7,36.7,3.3,96.5,94.1,95.1,22.3,34.9,36.9,44.5,9.0,2.9,91,68.7,136152,142745,148802.0,0.05,9.8,14.4,19.8,3808,False,,Affordable housing,Parks,Senior services,25705923,8.7,14.5,21,4.2,2.4,4.9
107,0.3942359072101444,0.344535111767942,0.14425466010465104,,19,,1220.2,"American Community Survey 2013-2017 5-Year Estimates for PUMA 3806, which is an approximation of Manhattan CD 7","American Community Survey (ACS) 2013-2017 5-year estimates for floodplain area within PUMA 3806, which is an approximation of Manhattan CD 7.",2010 Census population counts for floodplain area within Manhattan CD 7.,1.9,107,office@cb7.org,www.nyc.gov/mcb7,Manhattan Community District 7,Manhattan CD 7,http://www1.nyc.gov/assets/planning/download/pdf/community/community-portal/statement_needs/mn07_statement_2018.pdf,4749,126221,14,5,13,38,1966,25961,96515,9.673488,15.7,11.8,2.1,1.5,2.3,5.0,4.9,4.5,4.1,3.6,2.2,3.7,3.6,3.7,3.6,3.0,1.6,1.3,1.8,2.8,0.28,6,0.170514004,554,87000.0,1777,0.17600000000000002,0.29466715,3249,0.546937519,1436,0.375219993,2132,3099,0.66,6,0.175084175,572,88000.0,1777,0.18,0.274192195,3267,0.543924089,1436,0.368951931,2341,3099,8.9,15.5,23.1,1465505,35212,7343273,10449053,2240,123010,4072451,854421,9703002,4372881,2992812,23467045,122,5,781,36,1,7,208,469,795,1927,4419,12,44,1.6,1.4,1.2,3.7,4.4,3.2,3.5,3.4,1.8,3.3,3.1,3.0,2.6,2.5,1.1,0.8,1.3,2.8,31.7,31.8,40.8,1.1,0.3,0.2,1.1,1.9,0.5,0.3,0.8,0.3,0.1,0.7,0.2,0.1,0.7,0.1,0.1,0.8,0.7,0.1,0.1,0.1,0.2,0.4,"Lincoln Square, Manhattan Valley, Upper West Side",19.6,15.3,13.6,9.4,76.6,60.7,36.7,5.6,97.0,94.1,95.1,23.0,32.8,36.9,44.5,15.0,2.6,100,67.3,207699,209084,195455.0,0.01,9.2,14.4,19.8,3806,False,,Affordable housing,Schools,Social services (including services for the homeless),64880905,15.1,14.5,21,4.2,3.4,4.9
108,0.3842208669083274,0.34940714934838013,0.0996365346984811,,29,,1266.3,"American Community Survey 2013-2017 5-Year Estimates for PUMA 3805, which is an approximation of Manhattan CD 8","American Community Survey (ACS) 2013-2017 5-year estimates for floodplain area within PUMA 3805, which is an approximation of Manhattan CD 8.",2010 Census population counts for floodplain area within Manhattan CD 8.,2.0,108,info@cb8m.com,www.cb8m.com,Manhattan Community District 8,Manhattan CD 8,http://www1.nyc.gov/assets/planning/download/pdf/community/community-portal/statement_needs/mn08_statement_2018.pdf,6015,150169,38,5,23,25,1937,25961,96515,8.826581,15.7,11.8,1.6,1.1,2.1,7.4,6.8,4.5,3.3,3.2,2.4,3.3,3.0,3.1,3.4,2.8,2.3,1.6,1.9,2.7,0.32,178,0.279594506,855,72000.0,1558,0.044000000000000004,0.193691411,3058,0.509483322,7223,0.473200613,5253,15606,0.63,264,0.24879356600000002,928,73000.0,1912,0.044000000000000004,0.214109408,3730,0.512600536,10647,0.47291509200000004,5631,20696,5.5,15.5,23.1,1552752,131100,8598079,981476,69666,227825,5040361,2061535,13964851,3414242,988202,484015,258,21,1612,8,10,8,299,1046,953,1195,5519,41,47,1.7,1.2,1.6,3.9,4.5,4.0,2.8,3.1,1.7,2.8,2.4,2.4,2.3,2.0,1.6,1.2,1.2,3.0,31.0,31.8,40.8,1.0,0.3,0.2,1.4,2.1,0.5,0.3,0.7,0.3,0.1,0.7,0.2,0.1,0.7,0.1,0.1,0.6,0.8,0.1,0.1,0.1,0.2,0.3,"Carnegie Hill, Lenox Hill, Roosevelt Island, Upper East Side, Yorkville",20.2,15.3,13.6,9.8,81.1,60.7,36.7,2.4,97.2,94.1,95.1,23.2,33.4,36.9,44.5,9.5,2.8,95,75.6,217063,219920,222517.0,0.01,7.2,14.4,19.8,3805,False,,Affordable housing,Parks,Schools,37514104,14.8,14.5,21,4.2,2.1,4.9
109,0.23824215336207252,0.16952862193958107,0.40532112298406187,,32,,961.7,"American Community Survey 2013-2017 5-Year Estimates for PUMA 3802, which is an approximation of Manhattan CD 9","American Community Survey (ACS) 2013-2017 5-year estimates for floodplain area within PUMA 3802, which is an approximation of Manhattan CD 9.",2010 Census population counts for floodplain area within Manhattan CD 9.,1.5,109,nyc-cb9m@juno.com,www.cb9m.org,Manhattan Community District 9,Manhattan CD 9,http://www1.nyc.gov/assets/planning/download/pdf/community/community-portal/statement_needs/mn09_statement_2018.pdf,2610,45456,14,5,14,20,1263,25961,96515,9.408571,15.7,11.8,2.0,3.7,6.5,6.0,4.5,3.2,2.6,3.2,2.1,3.3,2.4,2.6,2.1,1.9,1.4,1.1,1.2,2.1,0.11,30,0.16171955,158,32000.0,625,0.099,0.11920449,977,0.639713408,0,0.515575141,3393,0,0.21,38,0.159090909,182,34000.0,691,0.201,0.125411094,1144,0.604020979,0,0.5311730929999999,3885,42,19.9,15.5,23.1,707238,198710,2376027,3315364,922629,241911,6017727,632686,4948614,2776049,1003615,999191,74,19,327,17,3,9,194,379,372,938,2463,23,85,2.4,3.3,6.1,6.5,4.5,3.5,2.6,3.2,2.1,2.8,2.5,2.2,1.4,1.0,0.8,0.7,0.6,2.2,36.7,31.8,40.8,1.6,0.3,0.2,1.4,2.1,0.5,0.3,1.4,0.3,0.1,0.9,0.2,0.1,0.8,0.1,0.1,1.4,0.8,0.1,0.1,0.1,0.2,0.5,"Hamilton Heights, Manhattanville, Morningside Heights, West Harlem",12.2,15.3,13.6,8.4,45.1,60.7,36.7,21.6,93.6,94.1,95.1,33.7,44.6,36.9,44.5,38.0,3.7,100,28.5,111724,110193,131494.0,-0.01,20.7,14.4,19.8,3802,False,,Affordable housing,Crime,Unemployment,24139761,15.4,14.5,21,4.2,4.1,4.9
110,0.18616224034144557,0.11693098325953377,0.5920693998463162,,28,,897.1,"American Community Survey 2013-2017 5-Year Estimates for PUMA 3803, which is an approximation of Manhattan CD 10","American Community Survey (ACS) 2013-2017 5-year estimates for floodplain area within PUMA 3803, which is an approximation of Manhattan CD 10.",2010 Census population counts for floodplain area within Manhattan CD 10.,1.4,110,MN10CB@cb.nyc.gov,www.nyc.gov/html/mancb10,Manhattan Community District 10,Manhattan CD 10,http://www1.nyc.gov/assets/planning/download/pdf/community/community-portal/statement_needs/mn10_statement_2018.pdf,4621,59816,33,7,13,28,1952,25961,96515,15.755434,15.7,11.8,2.6,2.6,3.9,5.9,5.6,4.1,3.3,3.5,2.7,3.6,3.2,2.7,1.9,1.6,0.8,0.9,1.2,3.7,0.14,45,0.10810810800000001,60,25000.0,41,0.016,0.125936011,555,0.073873874,2372,0.45723775299999997,1652,5576,0.31,112,0.158878505,102,25000.0,103,0.017,0.09684718699999999,642,0.16043613699999998,7880,0.506407974,2845,7669,11.0,15.5,23.1,1224318,178098,5831644,2455682,22244,170572,3697724,1018078,5679959,5159912,150826,912281,114,17,708,60,5,10,278,597,303,2028,4342,11,193,2.5,2.2,4.2,4.9,4.4,3.1,3.5,3.1,2.5,3.8,2.5,2.2,1.5,0.9,0.8,0.3,0.4,3.6,36.6,31.8,40.8,1.4,0.3,0.2,1.2,1.8,0.5,0.3,0.9,0.3,0.1,0.7,0.2,0.1,0.5,0.1,0.1,1.2,0.9,0.1,0.1,0.1,0.2,0.6,Central Harlem,10.2,15.3,13.6,3.4,37.6,60.7,36.7,56.1,91.3,94.1,95.1,23.3,39.5,36.9,44.5,23.5,3.2,99,14.0,107109,115723,138401.0,0.08,20.2,14.4,19.8,3803,False,,Affordable housing,"Commercial development (retail mix, small business and MWBE support, etc.)",Trash removal & cleanliness,26501338,20.3,14.5,21,4.2,6.9,4.9
111,0.1805074358874672,0.13475998820713905,0.3394735209534889,,124,,1518.5,"American Community Survey 2013-2017 5-Year Estimates for PUMA 3804, which is an approximation of Manhattan CD 11","American Community Survey (ACS) 2013-2017 5-year estimates for floodplain area within PUMA 3804, which is an approximation of Manhattan CD 11.",2010 Census population counts for floodplain area within Manhattan CD 11.,2.4,111,mn11@cb.nyc.gov,www.cb11m.org,Manhattan Community District 11,Manhattan CD 11,http://www1.nyc.gov/assets/planning/download/pdf/community/community-portal/statement_needs/mn11_statement_2018.pdf,3262,56222,47,4,27,39,1983,25961,96515,16.355851,15.7,11.8,2.8,3.1,4.2,5.4,4.5,4.0,3.6,3.5,2.5,3.4,3.4,2.8,2.3,1.7,1.6,1.2,1.3,2.6,1.45,1063,0.117145074,151,22000.0,459,0.843,0.058952664,1289,0.356089992,32448,0.458890112,8757,23471,2.9,1613,0.15202492199999998,244,21000.0,682,0.848,0.053911525,1605,0.42492211799999996,55060,0.47030688,12291,33248,19.4,15.5,23.1,1084685,305381,3852800,23946010,58247,841040,5344912,173616,9727400,2462087,5452635,2396697,162,72,815,55,11,11,234,109,220,1032,3119,47,238,3.4,3.3,4.0,5.0,4.3,3.3,2.7,2.4,2.7,3.0,2.5,2.3,1.4,1.1,0.7,0.6,0.7,2.9,35.6,31.8,40.8,1.3,0.3,0.2,1.2,1.7,0.5,0.3,1.1,0.3,0.1,1.1,0.2,0.1,0.6,0.1,0.1,1.3,0.8,0.1,0.1,0.1,0.2,0.7,"East Harlem, Harlem, Randall's Island Park, Wards Island Park",12.5,15.3,13.6,7.8,31.7,60.7,36.7,29.9,91.2,94.1,95.1,24.2,37.5,36.9,44.5,46.3,2.3,100,13.8,117743,120511,125720.0,0.02,22.3,14.4,19.8,3804,False,,Affordable housing,Neighborhood preservation (development trends),Unemployment,55645510,20.6,14.5,21,4.2,6.2,4.9
112,0.19689664819676225,0.15712390756862074,0.2531297830075385,,104,,1790.0,"American Community Survey 2013-2017 5-Year Estimates for PUMA 3801, which is an approximation of Manhattan CD 12","American Community Survey (ACS) 2013-2017 5-year estimates for floodplain area within PUMA 3801, which is an approximation of Manhattan CD 12.",2010 Census population counts for floodplain area within Manhattan CD 12.,2.8,112,ebsmith@cb.nyc.gov,www.nyc.gov/html/mancb12,Manhattan Community District 12,Manhattan CD 12,http://www1.nyc.gov/assets/planning/download/pdf/community/community-portal/statement_needs/mn12_statement_2018.pdf,2883,73244,33,3,23,51,2057,25961,96515,9.273328,15.7,11.8,2.1,2.6,4.1,5.3,4.7,3.7,3.0,3.3,2.3,3.1,3.2,3.1,2.4,1.8,1.5,1.1,1.6,2.6,1.07,75,0.167346939,164,22000.0,504,0.915,0.148710167,980,0.514285714,397,0.546088304,2820,1167,2.17,240,0.161290323,180,22000.0,504,0.9159999999999999,0.10658007800000001,1116,0.45161290299999995,11674,0.53938706,4752,5002,36.7,15.5,23.1,1608679,250636,6102869,27521402,48267,1262196,5085492,276575,6620578,5270330,2575336,4124182,182,11,596,39,3,12,191,163,394,921,2733,54,75,2.4,2.5,4.0,6.0,4.8,3.7,3.3,3.4,2.3,2.8,2.7,2.6,1.8,1.4,0.9,0.6,0.6,2.8,41.1,31.8,40.8,1.2,0.3,0.2,1.3,1.4,0.5,0.3,1.4,0.3,0.1,0.8,0.2,0.1,0.5,0.1,0.1,1.0,0.7,0.1,0.1,0.1,0.2,0.6,"Inwood, Washington Heights",13.6,15.3,13.6,2.6,32.8,60.7,36.7,7.9,89.8,94.1,95.1,46.3,45.2,36.9,44.5,69.2,1.5,100,18.6,208414,190020,221929.0,-0.09,19.6,14.4,19.8,3801,False,,Affordable housing,Neighborhood preservation (development trends),Schools,60746542,17.4,14.5,21,4.2,6.8,4.9
201,0.13353251655467716,0.08537181472493825,0.5641288285239006,,203,,1386.6,"American Community Survey 2013-2017 5-Year Estimates for PUMA 3710, which is an approximation of both Bronx CD 1 and Bronx CD 2","American Community Survey (ACS) 2013-2017 5-year estimates for floodplain area within PUMA 3710, which is an approximation of Bronx CD 1.",2010 Census population counts for floodplain area within Bronx CD 1.,2.2,201,brxcb1@optonline.net,www1.nyc.gov/site/bronxcb1/index.page,Bronx Community District 1,Bronx CD 1,http://www1.nyc.gov/assets/planning/download/pdf/community/community-portal/statement_needs/bx01_statement_2018.pdf,4286,36543,37,4,12,38,2373,20128,96515,23.359522,14.3,11.8,3.5,4.0,3.9,3.9,4.0,3.9,3.2,3.4,3.9,3.1,2.5,1.9,1.5,1.3,1.0,0.8,0.8,3.6,0.45,316,0.573099415,98,17000.0,97,0.0,0.052957572,171,0.567251462,580,0.580417109,1642,1157,0.84,460,0.5355191260000001,98,15000.0,97,0.001,0.041895603999999996,183,0.530054645,1412,0.587394744,2302,3382,30.4,26.1,23.1,2529986,8280970,3296972,2577361,1215708,1826273,4370025,2418796,6004100,3126797,4324607,1547694,278,300,523,44,45,13,175,1179,111,838,4004,101,207,4.1,3.9,5.2,4.8,4.0,3.6,2.7,2.8,4.3,2.8,2.2,1.9,1.0,0.9,0.7,0.3,0.2,4.3,43.0,44.2,40.8,0.9,0.3,0.2,1.1,1.6,0.6,0.3,1.2,0.3,0.1,0.9,0.3,0.1,0.4,0.1,0.1,1.3,0.7,0.1,0.1,0.1,0.2,0.5,"Melrose, Mott Haven, Port Morris",8.5,11.8,13.6,0.6,10.3,19.4,36.7,28.7,90.4,94.3,95.1,29.5,48.2,50.8,44.5,67.5,1.2,99,1.9,82159,91497,,0.11,31.0,26.2,19.8,3710,True,Bronx CD 2,Affordable housing,Health care services,Unemployment,41519289,28.4,25.2,21,6.9,5.9,4.9
202,0.16516255682938283,0.09758206308256136,0.6925503685000345,,114,,1420.1,"American Community Survey 2013-2017 5-Year Estimates for PUMA 3710, which is an approximation of both Bronx CD 2 and Bronx CD 1","American Community Survey (ACS) 2013-2017 5-year estimates for floodplain area within PUMA 3710, which is an approximation of Bronx CD 2.",2010 Census population counts for floodplain area within Bronx CD 2.,2.2,202,brxcb2@optonline.net,www.bxcb2.org,Bronx Community District 2,Bronx CD 2,http://www1.nyc.gov/assets/planning/download/pdf/community/community-portal/statement_needs/bx02_statement_2018.pdf,3176,19017,18,1,16,18,946,20128,96515,20.880330999999998,14.3,11.8,3.5,4.0,3.9,3.9,4.0,3.9,3.2,3.4,3.9,3.1,2.5,1.9,1.5,1.3,1.0,0.8,0.8,3.6,1.04,169,0.573099415,98,17000.0,97,0.081,0.052957572,171,0.567251462,848,0.580417109,1642,0,2.07,299,0.5355191260000001,98,15000.0,97,0.086,0.041895603999999996,183,0.530054645,848,0.587394744,2302,3,30.4,26.1,23.1,1301712,17335889,1692875,2276530,8299789,1044695,3184116,1898103,1392707,2722404,5466096,4432605,112,360,199,37,75,14,103,818,117,755,2984,109,185,4.1,3.9,5.2,4.8,4.0,3.6,2.7,2.8,4.3,2.8,2.2,1.9,1.0,0.9,0.7,0.3,0.2,4.3,43.0,44.2,40.8,0.9,0.3,0.2,1.1,1.6,0.6,0.3,1.2,0.3,0.1,0.9,0.3,0.1,0.4,0.1,0.1,1.3,0.7,0.1,0.1,0.1,0.2,0.5,"Hunts Point, Longwood",8.5,11.8,13.6,0.6,10.3,19.4,36.7,28.7,92.3,94.3,95.1,29.5,48.2,50.8,44.5,67.5,1.2,97,1.9,46824,52246,,0.12,31.0,26.2,19.8,3710,True,Bronx CD 1,Health care services,Parks,Schools,51047521,28.4,25.2,21,6.9,5.9,4.9
203,0.1503076636607669,0.08390757203845044,0.7913480274687101,,208,,1028.8,"American Community Survey 2013-2017 5-Year Estimates for PUMA 3705, which is an approximation of both Bronx CD 3 and Bronx CD 6","American Community Survey (ACS) 2013-2017 5-year estimates for floodplain area within PUMA 3705, which is an approximation of Bronx CD 3.",2010 Census population counts for floodplain area within Bronx CD 3.,1.6,203,brxcomm3@optonline.net,www.nyc.gov/bronxcb3,Bronx Community District 3,Bronx CD 3,http://www1.nyc.gov/assets/planning/download/pdf/community/community-portal/statement_needs/bx03_statement_2018.pdf,3642,32893,27,1,19,51,1390,20128,96515,15.410423000000002,14.3,11.8,3.8,4.3,4.6,4.6,4.1,3.6,3.1,3.4,3.8,3.3,2.7,2.0,1.8,1.6,1.0,0.6,0.6,4.7,0.01,0,0.214876033,52,31000.0,155,0.0,0.12265585400000001,242,0.640495868,0,0.530688159,856,0,0.03,21,0.240458015,63,19000.0,161,0.0,0.073041539,262,0.614503817,14,0.479672235,1522,84,26.4,26.1,23.1,1825086,2128876,2900693,6505172,233372,1134895,3884609,3238236,4043516,3870735,469682,830195,125,121,318,50,33,15,206,1208,118,1038,3728,48,255,3.6,4.4,4.5,4.3,3.0,2.5,2.5,2.9,4.0,2.8,2.6,1.9,1.2,0.9,0.7,0.4,0.2,4.2,44.2,44.2,40.8,0.9,0.3,0.2,1.1,1.6,0.6,0.3,1.1,0.3,0.1,0.9,0.3,0.1,0.4,0.1,0.1,1.2,0.8,0.1,0.1,0.1,0.2,0.7,"Claremont, Crotona Park East, Melrose, Morrisania",8.8,11.8,13.6,0.9,13.3,19.4,36.7,30.6,91.1,94.3,95.1,31.4,50.5,50.8,44.5,63.3,1.1,100,4.2,68574,79762,,0.16,30.3,26.2,19.8,3705,True,Bronx CD 6,Health care services,Unemployment,Youth and children’s services,31065067,28.9,25.2,21,6.9,8.2,4.9
204,0.13857993458369094,0.08374256430955525,0.654832709342752,,144,,1275.0,"American Community Survey 2013-2017 5-Year Estimates for PUMA 3708, which is an approximation of Bronx CD 4","American Community Survey (ACS) 2013-2017 5-year estimates for floodplain area within PUMA 3708, which is an approximation of Bronx CD 4.",2010 Census population counts for floodplain area within Bronx CD 4.,2.0,204,bx04@cb.nyc.gov,www.nyc.gov/html/bxcb4,Bronx Community District 4,Bronx CD 4,http://www1.nyc.gov/assets/planning/download/pdf/community/community-portal/statement_needs/bx04_statement_2018.pdf,3306,51594,27,4,31,48,2151,20128,96515,16.109177,14.3,11.8,4.1,3.6,4.3,4.2,4.0,3.5,3.7,3.2,4.0,3.8,3.0,2.5,2.0,1.5,1.0,0.6,0.9,3.4,0.14,25,0.471014493,65,24000.0,82,0.03,0.070193286,138,0.594202899,0,0.617178612,1085,0,0.26,27,0.471014493,65,24000.0,82,0.031,0.070193286,138,0.594202899,0,0.617178612,1085,0,36.2,26.1,23.1,2580784,1137748,3679666,6042925,318551,2425131,4484663,1676657,5500231,4503900,2511860,1220762,188,30,337,74,20,16,166,738,304,1101,3373,82,189,3.7,4.1,4.1,4.0,3.9,2.7,2.9,3.0,3.9,2.9,2.3,2.0,1.2,1.1,0.6,0.3,0.4,3.6,41.4,44.2,40.8,0.9,0.3,0.2,1.2,1.9,0.6,0.3,1.3,0.3,0.1,1.0,0.3,0.1,0.5,0.1,0.1,1.3,0.8,0.1,0.1,0.1,0.2,0.7,"Concourse, Concourse Village, East Concourse, Highbridge, Mount Eden, West Concourse",9.6,11.8,13.6,1.8,15.0,19.4,36.7,29.3,92.7,94.3,95.1,43.1,55.8,50.8,44.5,65.5,1.8,100,1.7,139563,146441,144614.0,0.05,32.4,26.2,19.8,3708,False,,Affordable housing,Crime,Youth and children’s services,36082878,27.5,25.2,21,6.9,6.6,4.9
205,0.14583845500114415,0.11451160159164446,0.2735692538928345,,84,,879.5,"American Community Survey 2013-2017 5-Year Estimates for PUMA 3707, which is an approximation of Bronx CD 5","American Community Survey (ACS) 2013-2017 5-year estimates for floodplain area within PUMA 3707, which is an approximation of Bronx CD 5.",2010 Census population counts for floodplain area within Bronx CD 5.,1.4,205,bx05@cb.nyc.gov,www1.nyc.gov/site/bronxcb5/index.page,Bronx Community District 5,Bronx CD 5,http://www1.nyc.gov/assets/planning/download/pdf/community/community-portal/statement_needs/bx05_statement_2018.pdf,3441,57057,35,3,19,40,1809,20128,96515,13.975545,14.3,11.8,4.0,,4.4,4.9,3.9,3.7,3.2,3.8,3.7,3.6,3.1,2.2,1.8,1.2,0.8,0.3,0.5,4.3,0.08,8,0.0,0,16000.0,32,0.036000000000000004,0.013652913000000001,45,0.7111111109999999,4048,0.650425115,1989,1654,0.16,8,0.0,0,16000.0,32,0.036000000000000004,0.013652913000000001,45,0.7111111109999999,4048,0.650425115,1989,1654,36.2,26.1,23.1,1671158,325583,3640339,1603836,39531,547031,3808704,2948395,4461630,4089664,560426,1095324,216,17,283,60,6,17,136,1156,312,865,3302,36,131,3.5,3.8,4.6,4.5,3.3,2.8,2.6,2.4,4.1,3.2,2.6,1.6,1.3,0.9,0.4,0.2,0.2,4.2,42.8,44.2,40.8,0.9,0.3,0.2,1.3,1.7,0.6,0.3,1.2,0.3,0.1,0.9,0.3,0.1,0.4,0.1,0.1,1.5,0.9,0.1,0.1,0.1,0.2,0.7,"Fordham, Morris Heights, Mount Hope, University Heights",7.7,11.8,13.6,1.7,13.1,19.4,36.7,27.5,91.9,94.3,95.1,43.4,59.3,50.8,44.5,68.4,1.1,100,1.2,128313,128200,140324.0,0.0,35.6,26.2,19.8,3707,False,,Schools,Traffic,Transit (buses & subways),24791621,28.7,25.2,21,6.9,7.7,4.9
206,0.14571251830833445,0.10042501491484825,0.4509583935027155,,209,,985.3,"American Community Survey 2013-2017 5-Year Estimates for PUMA 3705, which is an approximation of both Bronx CD 6 and Bronx CD 3","American Community Survey (ACS) 2013-2017 5-year estimates for floodplain area within PUMA 3705, which is an approximation of Bronx CD 6.",2010 Census population counts for floodplain area within Bronx CD 6.,1.5,206,bronxcb6@bronxcb6.org,www.bronxcb6.org,Bronx Community District 6,Bronx CD 6,http://www1.nyc.gov/assets/planning/download/pdf/community/community-portal/statement_needs/bx06_statement_2018.pdf,4329,31147,27,3,13,50,1500,20128,96515,17.414224,14.3,11.8,3.8,4.3,4.6,4.6,4.1,3.6,3.1,3.4,3.8,3.3,2.7,2.0,1.8,1.6,1.0,0.6,0.6,4.7,0.42,7,0.214876033,52,31000.0,155,0.001,0.12265585400000001,242,0.640495868,0,0.530688159,856,0,0.85,11,0.240458015,63,19000.0,161,0.001,0.073041539,262,0.614503817,158,0.479672235,1522,169,26.4,26.1,23.1,1976122,738652,2632275,10507440,69963,1403717,6645242,2860653,2579380,4385659,1029100,996596,216,76,410,54,20,18,155,1281,144,1310,4157,74,208,3.6,4.4,4.5,4.3,3.0,2.5,2.5,2.9,4.0,2.8,2.6,1.9,1.2,0.9,0.7,0.4,0.2,4.2,44.2,44.2,40.8,0.9,0.3,0.2,1.1,1.6,0.6,0.3,1.1,0.3,0.1,0.9,0.3,0.1,0.4,0.1,0.1,1.2,0.8,0.1,0.1,0.1,0.2,0.7,"Bathgate, Belmont, Bronx Park South, East Tremont, West Farms",8.8,11.8,13.6,0.9,13.3,19.4,36.7,30.6,91.9,94.3,95.1,31.4,50.5,50.8,44.5,63.3,1.1,99,4.2,75688,83268,,0.1,30.3,26.2,19.8,3705,True,Bronx CD 3,Crime,Schools,Unemployment,35824799,28.9,25.2,21,6.9,8.2,4.9
207,0.1893679145176438,0.13352245150545586,0.4182477357368324,,81,,1223.5,"American Community Survey 2013-2017 5-Year Estimates for PUMA 3706, which is an approximation of Bronx CD 7","American Community Survey (ACS) 2013-2017 5-year estimates for floodplain area within PUMA 3706, which is an approximation of Bronx CD 7.",2010 Census population counts for floodplain area within Bronx CD 7.,1.9,207,info@bronxcb7.info,www.bronxcb7.info,Bronx Community District 7,Bronx CD 7,http://www1.nyc.gov/assets/planning/download/pdf/community/community-portal/statement_needs/bx07_statement_2018.pdf,6816,50654,20,4,18,34,1742,20128,96515,15.823031,14.3,11.8,3.4,3.3,4.0,4.4,4.4,3.6,3.0,3.0,3.6,3.7,2.9,2.8,1.8,1.6,0.8,0.8,0.8,4.4,0.06,9,0.0,0,,0,0.0,0.012048193,7,0.0,0,0.559546314,296,0,0.12,9,0.0,0,,0,0.0,0.012048193,7,0.0,0,0.559546314,296,0,36.8,26.1,23.1,2086603,397699,3130140,2358290,32143,753920,7766231,3416882,5090684,5136076,1211837,1572769,228,20,356,24,7,19,164,1256,345,975,3637,57,124,3.4,3.4,3.9,4.9,4.3,3.2,3.1,2.8,3.1,2.7,2.1,2.5,1.4,0.9,0.7,0.4,0.3,4.5,44.3,44.2,40.8,1.0,0.3,0.2,1.7,2.1,0.6,0.3,1.6,0.3,0.1,0.9,0.3,0.1,0.6,0.1,0.1,1.5,1.0,0.1,0.1,0.1,0.2,0.8,"Bedford Park, Fordham, Kingsbridge Heights, Norwood, University Heights",9.5,11.8,13.6,5.6,16.6,19.4,36.7,14.8,93.0,94.3,95.1,43.8,55.3,50.8,44.5,71.3,2.2,98,6.3,141411,139286,133339.0,-0.02,27.4,26.2,19.8,3706,False,,Affordable housing,Neighborhood preservation (development trends),Schools,32953274,26.6,25.2,21,6.9,8.6,4.9
208,0.29251758993362204,0.23711502223656386,0.2336527107160018,,63,,2113.1,"American Community Survey 2013-2017 5-Year Estimates for PUMA 3701, which is an approximation of Bronx CD 8","American Community Survey (ACS) 2013-2017 5-year estimates for floodplain area within PUMA 3701, which is an approximation of Bronx CD 8.",2010 Census population counts for floodplain area within Bronx CD 8.,3.3,208,bx08@cb.nyc.gov,www.nyc.gov/html/bxcb8,Bronx Community District 8,Bronx CD 8,http://www1.nyc.gov/assets/planning/download/pdf/community/community-portal/statement_needs/bx08_statement_2018.pdf,5420,44616,10,6,23,22,957,20128,96515,8.827964,14.3,11.8,2.2,1.9,3.8,4.2,3.8,3.6,2.8,3.3,2.9,3.3,3.3,3.4,3.0,2.0,1.9,1.4,2.4,3.5,0.82,96,0.133040936,91,47000.0,305,0.11900000000000001,0.289340102,684,0.445906433,36,0.517891997,796,989,1.31,102,0.11428571400000001,116,47000.0,368,0.131,0.30664652600000003,1015,0.362561576,41,0.511267606,1089,1035,21.7,26.1,23.1,2143775,421733,1654409,9510142,728761,616377,12550444,18252913,12154454,2992979,6439205,10226801,188,11,155,47,3,20,141,3066,283,548,4977,37,435,2.8,2.9,3.3,3.6,4.0,2.8,3.0,3.0,3.0,2.6,2.5,2.4,2.5,1.5,1.2,0.8,0.9,4.3,45.7,44.2,40.8,1.5,0.3,0.2,1.4,2.2,0.6,0.3,1.3,0.3,0.1,1.1,0.3,0.1,0.8,0.1,0.1,1.1,0.8,0.1,0.1,0.1,0.2,0.7,"Fieldston, Kingsbridge, Marble Hill (MN), North Riverdale, Riverdale, Spuyten Duyvil",17.8,11.8,13.6,4.5,39.9,19.4,36.7,12.1,96.9,94.3,95.1,34.2,45.1,50.8,44.5,48.1,2.3,92,32.7,101332,101731,111182.0,0.0,15.8,26.2,19.8,3701,False,,Affordable housing,Parks,Senior services,77691993,21.3,25.2,21,6.9,5.6,4.9
209,0.14149442403903198,0.10249741978024378,0.3804681556120968,,178,,2622.5,"American Community Survey 2013-2017 5-Year Estimates for PUMA 3709, which is an approximation of Bronx CD 9","American Community Survey (ACS) 2013-2017 5-year estimates for floodplain area within PUMA 3709, which is an approximation of Bronx CD 9.",2010 Census population counts for floodplain area within Bronx CD 9.,4.1,209,bx09@cb.nyc.gov,www.nyc.gov/bxcb9,Bronx Community District 9,Bronx CD 9,http://www1.nyc.gov/assets/planning/download/pdf/community/community-portal/statement_needs/bx09_statement_2018.pdf,13473,76284,11,4,28,50,2057,20128,96515,12.331688,14.3,11.8,3.2,3.0,4.2,4.2,3.6,3.9,3.2,3.5,3.1,3.8,3.2,3.2,2.3,1.8,1.6,0.8,0.9,3.6,0.99,798,0.39804401,814,36000.0,1692,0.469,0.531583052,2045,0.827383863,654,0.5438829789999999,818,1167,2.29,2617,0.444973545,1682,21000.0,2779,0.5,0.253606172,3780,0.735185185,20950,0.5762795279999999,5855,12823,25.4,26.1,23.1,4278133,3208457,5956160,10972386,378005,2769610,4979743,16661265,14556247,11087582,950044,7203080,274,70,305,43,29,21,155,6228,111,3150,10989,55,391,3.2,3.3,4.2,4.0,3.6,3.0,2.5,3.4,3.8,2.9,2.6,2.1,1.6,1.2,1.0,0.6,0.4,3.6,45.9,44.2,40.8,1.0,0.3,0.2,1.3,1.7,0.6,0.3,1.2,0.3,0.1,0.7,0.3,0.1,0.5,0.1,0.1,1.1,0.7,0.1,0.1,0.1,0.2,0.5,"Bronx River, Castle Hill, Clason Point, Harding Park, Parkchester, Soundview, Soundview-Bruckner, Unionport",12.1,11.8,13.6,7.0,16.6,19.4,36.7,29.1,95.1,94.3,95.1,32.0,48.8,50.8,44.5,58.1,2.9,86,2.8,167859,172298,190848.0,0.03,27.6,26.2,19.8,3709,False,,Affordable housing,Crime,Neighborhood preservation (development trends),83000712,24.3,25.2,21,6.9,7.2,4.9
210,0.28598257842406266,0.2417792692190648,0.1828250591863081,,224,,4124.8,"American Community Survey 2013-2017 5-Year Estimates for PUMA 3703, which is an approximation of Bronx CD 10","American Community Survey (ACS) 2013-2017 5-year estimates for floodplain area within PUMA 3703, which is an approximation of Bronx CD 10.",2010 Census population counts for floodplain area within Bronx CD 10.,6.4,210,bx10@cb.nyc.gov,www.nyc.gov/html/bxcb10/,Bronx Community District 10,Bronx CD 10,http://www1.nyc.gov/assets/planning/download/pdf/community/community-portal/statement_needs/bx10_statement_2018.pdf,20199,50041,11,5,12,28,1073,20128,96515,8.883873,14.3,11.8,2.3,2.5,3.8,3.4,3.4,3.2,3.2,4.0,2.8,3.5,3.4,3.7,3.0,2.7,2.4,1.6,2.3,2.4,2.66,4249,0.29468540000000004,2412,42000.0,4273,0.514,0.488132157,8185,0.522052535,11229,0.419639383,3235,20555,4.77,5599,0.23443797600000002,3141,37000.0,5964,0.536,0.469512195,13398,0.44514106600000003,28407,0.42667244600000004,5906,22675,12.7,26.1,23.1,9331778,2276078,2385009,16755447,2116972,2508260,17606529,42193939,10097275,8563657,737498,22044832,377,94,377,64,41,22,142,11176,56,1863,15184,62,708,3.0,2.7,3.7,2.4,2.4,2.8,3.5,3.3,3.0,3.3,2.9,3.1,2.4,2.1,1.4,0.9,0.8,2.6,44.5,44.2,40.8,1.6,0.3,0.2,1.7,3.2,0.6,0.3,1.4,0.3,0.1,1.2,0.3,0.1,0.8,0.1,0.1,1.4,1.0,0.1,0.1,0.1,0.2,0.8,"City Island, Co-op City, Country Club, Edgewater Park, Pelham Bay, Schuylerville, Throgs Neck, Westchester Square",19.6,11.8,13.6,3.3,26.6,19.4,36.7,27.9,97.7,94.3,95.1,21.7,39.2,50.8,44.5,38.4,2.2,51,28.4,115948,120392,122586.0,0.04,14.0,26.2,19.8,3703,False,,"Quality of life issues (noise, graffiti, petty crime, etc.)",Traffic,Transit (buses & subways),136617274,19.0,25.2,21,6.9,4.9,4.9
211,0.21018373036820573,0.19574832622321547,0.07374471303795116,,175,,2302.6,"American Community Survey 2013-2017 5-Year Estimates for PUMA 3704, which is an approximation of Bronx CD 11","American Community Survey (ACS) 2013-2017 5-year estimates for floodplain area within PUMA 3704, which is an approximation of Bronx CD 11.",2010 Census population counts for floodplain area within Bronx CD 11.,3.6,211,bx11@cb.nyc.gov,www.nyc.gov/bxcb11,Bronx Community District 11,Bronx CD 11,http://www1.nyc.gov/assets/planning/download/pdf/community/community-portal/statement_needs/bx11_statement_2018.pdf,15237,68264,35,3,7,32,1228,20128,96515,9.378153,14.3,11.8,2.8,2.8,3.6,4.4,3.8,3.5,3.7,3.4,3.1,3.3,3.1,2.9,2.4,1.6,1.4,1.4,1.8,3.0,0.28,85,0.270588235,23,44000.0,34,0.0,0.116758242,85,0.4,296,0.49399657,288,9,0.64,401,0.514705882,210,23000.0,211,0.004,0.727272727,408,0.517156863,2365,0.55862069,81,491,24.0,26.1,23.1,4821018,1342736,2784770,448907,326909,1072236,11027432,26353911,5486936,5757598,2185030,1348866,330,67,395,14,13,23,135,9219,160,1710,12715,124,373,3.2,3.5,3.2,4.2,3.5,3.6,3.3,3.1,3.1,3.1,2.9,2.3,1.9,1.3,1.1,0.8,0.7,3.3,43.5,44.2,40.8,1.0,0.3,0.2,1.1,1.9,0.6,0.3,1.0,0.3,0.1,0.9,0.3,0.1,0.6,0.1,0.1,1.0,0.7,0.1,0.1,0.1,0.2,0.7,"Allerton, Bronxdale, Indian Village, Morris Park, Pelham Gardens, Pelham Parkway, Van Nest",14.5,11.8,13.6,8.0,24.1,19.4,36.7,21.4,95.4,94.3,95.1,34.3,47.6,50.8,44.5,46.7,2.2,86,22.0,110706,113232,129590.0,0.02,20.6,26.2,19.8,3704,False,,Not submitted,Not submitted,Not submitted,62956349,22.3,25.2,21,6.9,6.7,4.9
212,0.2509380904932135,0.20540473905382287,0.22167624587989354,,306,,3556.3,"American Community Survey 2013-2017 5-Year Estimates for PUMA 3702, which is an approximation of Bronx CD 12","American Community Survey (ACS) 2013-2017 5-year estimates for floodplain area within PUMA 3702, which is an approximation of Bronx CD 12.",2010 Census population counts for floodplain area within Bronx CD 12.,5.6,212,gtorres@cb.nyc.gov,www1.nyc.gov/site/bronxcb12/index.page,Bronx Community District 12,Bronx CD 12,http://www1.nyc.gov/assets/planning/download/pdf/community/community-portal/statement_needs/bx12_statement_2018.pdf,24673,54697,15,5,5,32,2434,20128,96515,15.674988,14.3,11.8,3.1,3.6,4.4,4.4,3.6,3.5,3.4,4.1,2.9,3.9,3.6,3.0,2.3,1.8,1.5,1.0,1.1,3.2,0.25,92,0.34194122899999996,384,29000.0,679,0.171,0.395422535,1123,0.604630454,40,0.511169514,778,59,0.56,224,0.38972602700000003,569,36000.0,869,0.171,0.413129598,1460,0.59520548,1120,0.48930481299999995,915,857,9.7,26.1,23.1,4108953,3248352,2161316,21250942,322581,1620262,6889081,39564794,6032829,12331053,2975423,3320109,401,144,489,26,36,24,245,14373,107,3558,20610,174,751,3.1,3.2,4.1,3.6,2.7,2.7,3.2,3.2,3.0,3.4,2.7,2.5,1.8,1.3,1.0,0.7,0.6,3.1,46.2,44.2,40.8,1.0,0.3,0.2,1.2,2.1,0.6,0.3,0.7,0.3,0.1,1.0,0.3,0.1,0.6,0.1,0.1,1.2,0.7,0.1,0.1,0.1,0.2,0.5,"Baychester, Eastchester, Edenwald, Olinville, Wakefield, Williamsbridge, Woodlawn",13.0,11.8,13.6,3.1,22.7,19.4,36.7,65.1,93.8,94.3,95.1,40.2,51.4,50.8,44.5,22.9,2.3,67,6.6,149077,152344,147447.0,0.02,20.9,26.2,19.8,3702,False,,Parks,"Quality of life issues (noise, graffiti, petty crime, etc.)",Trash removal & cleanliness,103825695,22.4,25.2,21,6.9,7.1,4.9
301,0.20675462801931208,0.1814700454426874,0.13933199010858321,,387,,3025.3,"American Community Survey 2013-2017 5-Year Estimates for PUMA 4001, which is an approximation of Brooklyn CD 1","American Community Survey (ACS) 2013-2017 5-year estimates for floodplain area within PUMA 4001, which is an approximation of Brooklyn CD 1.",2010 Census population counts for floodplain area within Brooklyn CD 1.,4.7,301,bk01@cb.nyc.gov,www.nyc.gov/html/bkncb1,Brooklyn Community District 1,Brooklyn CD 1,http://www1.nyc.gov/assets/planning/download/pdf/community/community-portal/statement_needs/bk01_statement_2018.pdf,16906,82471,20,4,25,34,2336,28276,96515,16.143842000000003,11.2,11.8,2.2,2.1,3.5,7.9,6.5,4.5,2.8,2.2,2.8,2.1,2.2,2.4,1.8,1.1,1.0,0.8,1.1,3.8,1.11,1294,0.350649351,918,93000.0,1812,0.040999999999999995,0.20677671600000003,2618,0.692131398,3397,0.416007905,3789,10046,2.49,3495,0.37374861,1680,82000.0,2880,0.11800000000000001,0.18270872300000002,4495,0.640711902,21206,0.435719287,8090,22491,22.0,22.9,23.1,4204717,22582673,10829992,4721583,3036007,2780417,4944990,4891293,7106976,16604613,9105825,3100993,454,1215,2786,78,253,25,342,2561,445,5881,14925,142,381,2.4,2.4,2.9,7.0,7.2,5.0,3.1,2.3,2.8,2.2,1.9,1.8,1.7,0.7,0.7,0.4,0.5,4.4,34.5,42.4,40.8,1.0,0.3,0.2,0.9,1.4,0.5,0.3,0.9,0.2,0.1,0.5,0.2,0.1,0.4,0.1,0.1,0.9,0.7,0.0,0.1,0.1,0.1,0.4,"East Williamsburg, Greenpoint, Northside, Southside, Williamsburg",9.7,12.8,13.6,7.5,47.8,35.2,36.7,4.5,89.6,92.1,95.1,24.1,40.3,45.8,44.5,23.0,2.1,97,62.6,160338,173083,160799.0,0.08,15.5,20.9,19.8,4001,False,,Affordable housing,Neighborhood preservation (development trends),Senior services,93910079,21.1,23.1,21,5.1,4.1,4.9
302,0.37043142319763894,0.32786442442594144,0.12983109968770834,,136,,1821.0,"American Community Survey 2013-2017 5-Year Estimates for PUMA 4004, which is an approximation of Brooklyn CD 2","American Community Survey (ACS) 2013-2017 5-year estimates for floodplain area within PUMA 4004, which is an approximation of Brooklyn CD 2.",2010 Census population counts for floodplain area within Brooklyn CD 2.,2.8,302,cb2k@nyc.rr.com,www.nyc.gov/html/bkncb2,Brooklyn Community District 2,Brooklyn CD 2,http://www1.nyc.gov/assets/planning/download/pdf/community/community-portal/statement_needs/bk02_statement_2018.pdf,8677,64080,28,4,30,38,1940,28276,96515,14.580442999999999,11.2,11.8,1.8,2.5,3.7,6.3,6.7,4.8,3.7,3.3,2.2,2.8,2.5,2.7,2.2,1.6,1.0,0.9,1.0,3.4,0.48,240,0.234861347,415,119000.0,1277,0.042,0.400226501,1767,0.722693831,790,0.34344894,713,1815,1.0,414,0.24211099,445,77000.0,1321,0.048,0.289722573,1838,0.7187159959999999,1919,0.377120823,1467,3978,8.7,22.9,23.1,3987472,1685653,6914727,4820490,182964,739865,8092133,4767862,5623993,7230105,9518747,1221574,309,163,1220,107,26,26,252,2471,254,2942,8147,69,198,2.1,2.1,3.2,5.2,6.1,4.7,3.6,3.3,2.4,2.4,2.2,2.0,1.6,0.9,0.7,0.4,0.5,3.4,35.3,42.4,40.8,1.0,0.3,0.2,0.9,1.7,0.5,0.3,0.6,0.2,0.1,0.5,0.2,0.1,0.5,0.1,0.1,0.8,0.6,0.0,0.1,0.1,0.1,0.6,"Boerum Hill, Brooklyn Heights, Clinton Hill, Downtown Brooklyn, DUMBO, Fort Greene, Fulton Ferry, Navy Yard, Vinegar Hill",10.9,12.8,13.6,9.4,61.1,35.2,36.7,26.6,94.8,92.1,95.1,19.6,30.7,45.8,44.5,14.8,4.2,99,44.9,98620,99617,139203.0,0.01,11.0,20.9,19.8,4004,False,,Affordable housing,Schools,Other,54785585,17.7,23.1,21,5.1,5.1,4.9
303,0.1737703794691006,0.11569884666147041,0.5019197207517967,,241,,1824.2,"American Community Survey 2013-2017 5-Year Estimates for PUMA 4003, which is an approximation of Brooklyn CD 3","American Community Survey (ACS) 2013-2017 5-year estimates for floodplain area within PUMA 4003, which is an approximation of Brooklyn CD 3.",2010 Census population counts for floodplain area within Brooklyn CD 3.,2.9,303,bk03@cb.nyc.gov,https://www1.nyc.gov/site/brooklyncb3/index.page,Brooklyn Community District 3,Brooklyn CD 3,http://www1.nyc.gov/assets/planning/download/pdf/community/community-portal/statement_needs/bk03_statement_2018.pdf,17006,67704,21,4,15,44,2699,28276,96515,20.585544,11.2,11.8,3.0,2.9,4.7,6.1,4.6,3.8,3.0,2.9,3.3,2.9,3.2,2.3,1.9,1.3,1.2,0.9,0.7,4.0,0.0,0,0.0,0,,0,0.0,0.0,0,0.0,0,0.0,0,0,0.05,87,0.452830189,192,70000.0,312,0.0,0.19064748199999998,424,0.735849057,0,0.708284024,1197,194,12.1,22.9,23.1,1568496,1625330,4874365,1598265,180380,1000366,6468028,13071576,6620088,14986373,407886,2168500,232,171,1495,37,52,27,367,6858,218,6468,16902,45,718,3.3,3.1,3.7,5.5,4.3,3.5,2.5,2.6,3.9,2.5,2.3,1.8,1.5,1.1,0.6,0.4,0.4,4.5,41.3,42.4,40.8,1.1,0.3,0.2,1.0,1.9,0.5,0.3,1.0,0.2,0.1,0.6,0.2,0.1,0.5,0.1,0.1,1.1,0.8,0.0,0.1,0.1,0.1,0.6,"Bedford-Stuyvesant, Stuyvesant Heights, Tompkins Park North",10.0,12.8,13.6,3.3,31.6,35.2,36.7,51.1,89.4,92.1,95.1,19.9,45.5,45.8,44.5,19.3,2.0,95,24.3,143867,152985,145259.0,0.06,21.2,20.9,19.8,4003,False,,Affordable housing,Schools,Trash removal & cleanliness,54569653,25.7,23.1,21,5.1,6.8,4.9
304,0.20133615111094275,0.12683127240653644,0.5874330304405793,,214,,1300.9,"American Community Survey 2013-2017 5-Year Estimates for PUMA 4002, which is an approximation of Brooklyn CD 4","American Community Survey (ACS) 2013-2017 5-year estimates for floodplain area within PUMA 4002, which is an approximation of Brooklyn CD 4.",2010 Census population counts for floodplain area within Brooklyn CD 4.,2.0,304,BK04@CB.NYC.GOV,www.nyc.gov/brooklyncb4,Brooklyn Community District 4,Brooklyn CD 4,http://www1.nyc.gov/assets/planning/download/pdf/community/community-portal/statement_needs/bk04_statement_2018.pdf,11575,39984,17,2,13,34,1588,28276,96515,11.884736,11.2,11.8,2.8,2.6,5.6,6.7,5.0,3.7,2.9,2.8,2.9,2.6,2.4,2.3,1.8,1.3,0.9,0.7,0.6,3.0,0.0,0,0.0,0,,0,0.0,0.0,0,0.0,0,0.0,0,0,0.0,0,0.0,0,,0,0.0,0.0,0,0.0,0,0.0,0,0,26.0,22.9,23.1,1563059,1832239,3470903,6324053,202687,732929,3292806,8041254,1353157,11818071,637369,740094,216,160,1172,99,62,28,180,4052,92,4627,11182,58,250,2.9,3.0,5.5,7.7,5.4,3.9,3.1,2.7,2.9,2.6,2.0,1.4,1.3,0.8,0.6,0.5,0.2,3.0,40.8,42.4,40.8,1.2,0.3,0.2,1.4,1.7,0.5,0.3,1.2,0.2,0.1,0.6,0.2,0.1,0.6,0.1,0.1,1.2,0.8,0.0,0.1,0.1,0.1,0.6,Bushwick,8.7,12.8,13.6,5.3,26.3,35.2,36.7,18.9,90.5,92.1,95.1,32.9,47.4,45.8,44.5,56.9,1.6,88,17.1,104358,112634,135515.0,0.08,24.8,20.9,19.8,4002,False,,Affordable housing,Health care services,Youth and children’s services,40008621,21.0,23.1,21,5.1,7.2,4.9
305,0.14176287966858728,0.1359170604154868,0.043010194858764006,,546,,3569.3,"American Community Survey 2013-2017 5-Year Estimates for PUMA 4008, which is an approximation of Brooklyn CD 5","American Community Survey (ACS) 2013-2017 5-year estimates for floodplain area within PUMA 4008, which is an approximation of Brooklyn CD 5.",2010 Census population counts for floodplain area within Brooklyn CD 5.,5.6,305,bk05@cb.nyc.gov,www.brooklyncb5.org,Brooklyn Community District 5,Brooklyn CD 5,http://www1.nyc.gov/assets/planning/download/pdf/community/community-portal/statement_needs/bk05_statement_2018.pdf,23281,63596,24,4,12,61,3206,28276,96515,20.905923,11.2,11.8,3.2,3.3,4.3,4.1,4.1,3.5,3.4,3.9,3.7,3.8,3.4,2.8,2.2,1.7,1.0,0.9,0.9,3.8,0.29,11,0.44314868799999996,152,20000.0,319,0.14400000000000002,0.11815363400000001,343,0.930029155,0,0.55513308,1314,48,1.14,661,0.541797612,862,23000.0,1367,0.156,0.177765363,1591,0.859208045,2526,0.54659718,3566,6530,15.9,22.9,23.1,4278867,7014135,6176147,16571315,713450,6913457,8125063,29205142,10401714,12630974,5480689,6143237,300,378,1268,80,182,29,352,12583,53,4135,20987,190,920,3.6,3.4,3.7,3.7,3.1,3.2,2.6,2.8,3.7,3.1,2.7,2.3,1.5,1.1,0.7,0.5,0.4,3.9,45.5,42.4,40.8,0.9,0.3,0.2,1.1,1.8,0.5,0.3,0.8,0.2,0.1,0.8,0.2,0.1,0.5,0.1,0.1,1.1,0.8,0.0,0.1,0.1,0.1,0.5,"Broadway Junction, City Line, Cypress Hills, East New York, Highland Park, New Lots, Spring Creek, Starrett City",10.9,12.8,13.6,4.6,14.6,35.2,36.7,52.1,89.9,92.1,95.1,35.6,48.7,45.8,44.5,37.1,2.4,85,3.8,173198,182896,158784.0,0.06,28.7,20.9,19.8,4008,False,,Affordable housing,Cultural facilities & programs,Unemployment,113654190,25.9,23.1,21,5.1,5.1,4.9
306,0.47373214321885015,0.43255251370713826,0.09520145694863014,,231,,1962.7,"American Community Survey 2013-2017 5-Year Estimates for PUMA 4005, which is an approximation of Brooklyn CD 6","American Community Survey (ACS) 2013-2017 5-year estimates for floodplain area within PUMA 4005, which is an approximation of Brooklyn CD 6.",2010 Census population counts for floodplain area within Brooklyn CD 6.,3.1,306,info@brooklyncb6.org,www1.nyc.gov/site/brooklyncb6/index.page,Brooklyn Community District 6,Brooklyn CD 6,http://www1.nyc.gov/assets/planning/download/pdf/community/community-portal/statement_needs/bk06_statement_2018.pdf,14234,54104,17,5,22,29,1116,28276,96515,9.79208,11.2,11.8,2.0,1.7,2.5,5.1,6.7,5.6,4.4,3.6,3.2,2.7,2.5,2.4,1.9,1.3,0.8,0.9,0.7,4.1,0.98,1354,0.262125903,508,37000.0,1355,0.10400000000000001,0.206323858,1938,0.699174407,6940,0.403620715,2720,6171,1.59,2163,0.287533771,745,52000.0,1764,0.113,0.22824172,2591,0.680818217,14848,0.398018063,3173,8630,7.0,22.9,23.1,4385743,14072150,4196001,3638690,2081159,2219751,3050763,8104510,3956788,12713062,3693259,2519823,231,544,1667,38,126,30,175,4548,125,5603,13802,100,414,2.5,1.5,1.7,4.5,5.8,5.3,4.5,3.9,2.6,2.5,2.4,2.1,1.6,1.1,0.6,0.5,0.3,4.2,38.0,42.4,40.8,1.4,0.3,0.2,1.0,1.7,0.5,0.3,0.7,0.2,0.1,0.5,0.2,0.1,0.7,0.1,0.1,0.8,0.7,0.0,0.1,0.1,0.1,0.5,"Carroll Gardens, Cobble Hill, Columbia St, Gowanus, Park Slope, Red Hook",9.8,12.8,13.6,6.6,72.1,35.2,36.7,6.7,95.9,92.1,95.1,16.5,28.5,45.8,44.5,17.3,4.7,94,64.6,104054,104709,118940.0,0.01,9.6,20.9,19.8,4005,False,,Not submitted,Not submitted,Not submitted,64631699,21.0,23.1,21,5.1,4.0,4.9
307,0.25670155155048485,0.23539917967169724,0.09049467338202821,,146,,2390.6,"American Community Survey 2013-2017 5-Year Estimates for PUMA 4012, which is an approximation of Brooklyn CD 7","American Community Survey (ACS) 2013-2017 5-year estimates for floodplain area within PUMA 4012, which is an approximation of Brooklyn CD 7.",2010 Census population counts for floodplain area within Brooklyn CD 7.,3.7,307,bk07@cb.nyc.gov,www.nyc.gov/bk07,Brooklyn Community District 7,Brooklyn CD 7,http://www1.nyc.gov/assets/planning/download/pdf/community/community-portal/statement_needs/bk07_statement_2018.pdf,14587,40951,21,2,16,26,1099,28276,96515,7.397846,11.2,11.8,2.8,2.6,3.2,5.0,4.3,4.1,3.6,3.3,3.3,3.2,2.3,2.3,1.7,1.1,1.0,0.8,0.7,3.8,0.65,238,0.806451613,50,25000.0,46,0.0,0.148325359,62,0.7419354840000001,67,0.60952381,192,0,1.35,367,0.6312056739999999,89,30000.0,88,0.004,0.158962796,141,0.624113475,2363,0.645021645,447,167,49.3,22.9,23.1,2348621,11062325,3771343,22511978,384456,885496,2908460,12494216,1141849,8943101,12932654,1212798,233,619,1568,37,41,31,165,6378,82,3717,13314,145,183,3.1,2.3,3.1,5.3,5.0,4.6,3.8,3.5,3.8,3.2,2.6,2.2,1.6,1.0,0.7,0.6,0.3,4.1,42.9,42.4,40.8,1.0,0.3,0.2,1.1,1.9,0.5,0.3,1.2,0.2,0.1,0.6,0.2,0.1,0.5,0.1,0.1,1.3,0.6,0.0,0.1,0.1,0.1,0.4,"Sunset Park, Windsor Terrace",9.6,12.8,13.6,32.2,27.3,35.2,36.7,2.5,92.6,92.1,95.1,47.2,50.2,45.8,44.5,41.1,1.6,87,22.6,120063,126230,149960.0,0.05,27.9,20.9,19.8,4012,False,,Affordable housing,Schools,Other,80597297,23.9,23.1,21,5.1,4.5,4.9
308,0.21050596796262044,0.15847529987023024,0.32832036370965234,,141,,1047.0,"American Community Survey 2013-2017 5-Year Estimates for PUMA 4006, which is an approximation of Brooklyn CD 8","American Community Survey (ACS) 2013-2017 5-year estimates for floodplain area within PUMA 4006, which is an approximation of Brooklyn CD 8.",2010 Census population counts for floodplain area within Brooklyn CD 8.,1.6,308,brooklyncb8@gmail.com,www.brooklyncb8.org,Brooklyn Community District 8,Brooklyn CD 8,http://www1.nyc.gov/assets/planning/download/pdf/community/community-portal/statement_needs/bk08_statement_2018.pdf,8336,46868,14,1,8,20,1167,28276,96515,10.868352,11.2,11.8,2.6,2.4,4.1,6.1,5.7,4.5,3.4,3.3,2.4,3.7,3.5,2.5,2.2,1.6,1.2,0.7,1.0,3.0,0.0,0,0.0,0,,0,0.0,0.0,0,0.0,0,0.0,0,0,0.0,0,0.0,0,,0,0.0,0.0,0,0.0,0,0.0,0,0,7.6,22.9,23.1,835001,839074,2797001,1591922,70811,682736,3088953,5911289,3884985,9885797,564886,602584,116,104,1034,13,43,32,212,2732,186,3145,8037,70,241,2.3,2.7,3.9,5.4,4.5,3.6,3.4,2.8,2.5,2.3,2.6,2.3,1.6,0.9,0.8,0.5,0.4,3.5,41.5,42.4,40.8,1.3,0.3,0.2,1.1,1.6,0.5,0.3,0.7,0.2,0.1,0.8,0.2,0.1,0.5,0.1,0.1,1.0,0.8,0.0,0.1,0.1,0.1,0.4,"Crown Heights, Prospect Heights, Weeksville",11.0,12.8,13.6,3.9,39.1,35.2,36.7,58.1,89.9,92.1,95.1,29.3,43.8,45.8,44.5,12.6,3.4,92,21.6,96076,96317,131395.0,0.0,20.4,20.9,19.8,4006,False,,Affordable housing,Neighborhood preservation (development trends),Police-community relations,30755039,19.4,23.1,21,5.1,5.1,4.9
309,0.16455804098036184,0.12587990678025762,0.3072621770178361,,49,,1040.6,"American Community Survey 2013-2017 5-Year Estimates for PUMA 4011, which is an approximation of Brooklyn CD 9","American Community Survey (ACS) 2013-2017 5-year estimates for floodplain area within PUMA 4011, which is an approximation of Brooklyn CD 9.",2010 Census population counts for floodplain area within Brooklyn CD 9.,1.6,309,bk09@cb.nyc.gov,www.communitybrd9bklyn.org,Brooklyn Community District 9,Brooklyn CD 9,http://www1.nyc.gov/assets/planning/download/pdf/community/community-portal/statement_needs/bk09_statement_2018.pdf,8764,38953,18,3,2,27,1235,28276,96515,12.042475,11.2,11.8,3.3,2.8,3.3,5.3,4.5,3.7,3.1,3.6,2.7,3.5,3.3,3.3,2.8,2.0,1.6,1.1,1.3,3.6,0.0,0,0.0,0,,0,0.0,0.0,0,0.0,0,0.0,0,0,0.0,0,0.0,0,,0,0.0,0.0,0,0.0,0,0.0,0,0,10.6,22.9,23.1,978467,301454,3030016,525724,41068,472263,6167669,10183235,3633633,4794550,297770,329555,107,20,797,7,10,33,167,4201,205,1253,6950,26,108,2.8,2.7,3.9,5.1,4.3,3.1,2.8,2.4,2.9,2.4,2.6,2.4,1.7,1.3,0.7,0.7,0.5,2.9,42.4,42.4,40.8,1.3,0.3,0.2,1.3,2.1,0.5,0.3,1.0,0.2,0.1,0.9,0.2,0.1,0.6,0.1,0.1,1.1,0.9,0.0,0.1,0.1,0.1,0.8,"Crown Heights South, Prospect Lefferts Gardens, Wingate",13.7,12.8,13.6,1.9,30.7,35.2,36.7,65.3,91.2,92.1,95.1,41.1,48.1,45.8,44.5,8.9,2.5,91,21.6,104014,98429,110156.0,-0.05,20.8,20.9,19.8,4011,False,,Affordable housing,Schools,Social services (including services for the homeless),30755404,21.7,23.1,21,5.1,6.6,4.9
310,0.3051236865473746,0.28587967061217284,0.06731509062534347,,85,,2548.9,"American Community Survey 2013-2017 5-Year Estimates for PUMA 4013, which is an approximation of Brooklyn CD 10","American Community Survey (ACS) 2013-2017 5-year estimates for floodplain area within PUMA 4013, which is an approximation of Brooklyn CD 10.",2010 Census population counts for floodplain area within Brooklyn CD 10.,4.0,310,bk10@cb.nyc.gov,www.bkcb10.org,Brooklyn Community District 10,Brooklyn CD 10,http://www1.nyc.gov/assets/planning/download/pdf/community/community-portal/statement_needs/bk10_statement_2018.pdf,24267,53293,14,4,13,18,846,28276,96515,6.6066899999999995,11.2,11.8,2.5,2.6,2.7,4.0,3.9,3.6,3.5,3.5,2.7,3.6,3.4,3.2,3.0,1.9,1.5,1.3,1.7,3.1,0.99,149,0.277662415,936,56000.0,1820,0.722,0.399360265,3371,0.53989914,0,0.437037037,1770,0,2.03,163,0.277662415,936,56000.0,1820,0.773,0.399360265,3371,0.53989914,12,0.437037037,1770,249,28.2,22.9,23.1,2017854,286268,4499943,26275266,23357,412649,12388980,29047735,3271144,7924709,777259,307704,270,41,1836,30,7,34,147,11689,171,2580,17067,76,135,2.4,2.1,2.7,4.3,4.2,3.2,3.3,3.3,2.8,3.6,3.2,3.1,2.2,1.7,1.1,0.8,0.8,3.2,44.0,42.4,40.8,1.1,0.3,0.2,1.0,1.7,0.5,0.3,1.0,0.2,0.1,0.8,0.2,0.1,0.5,0.1,0.1,1.0,0.6,0.0,0.1,0.1,0.1,0.4,"Bay Ridge, Dyker Heights, Fort Hamilton",16.1,12.8,13.6,24.5,40.5,35.2,36.7,1.7,97.5,92.1,95.1,39.4,43.5,45.8,44.5,15.9,1.8,81,55.9,122542,124491,124851.0,0.02,19.0,20.9,19.8,4013,False,,Neighborhood preservation (development trends),Parks,"Quality of life issues (noise, graffiti, petty crime, etc.)",87232868,19.6,23.1,21,5.1,4.5,4.9
311,0.22881579476095115,0.2372528116937522,-0.03556129376326056,,95,,2368.6,"American Community Survey 2013-2017 5-Year Estimates for PUMA 4017, which is an approximation of Brooklyn CD 11","American Community Survey (ACS) 2013-2017 5-year estimates for floodplain area within PUMA 4017, which is an approximation of Brooklyn CD 11.",2010 Census population counts for floodplain area within Brooklyn CD 11.,3.7,311,info@brooklyncb11.org,www.brooklyncb11.org,Brooklyn Community District 11,Brooklyn CD 11,http://www1.nyc.gov/assets/planning/download/pdf/community/community-portal/statement_needs/bk11_statement_2018.pdf,29551,66202,9,2,6,24,1128,28276,96515,5.908536,11.2,11.8,2.3,2.4,2.8,4.1,4.0,3.6,3.6,3.3,2.6,3.6,3.3,3.2,2.5,1.6,1.4,1.4,1.8,3.6,0.33,1250,0.466784765,1581,35000.0,1841,0.054000000000000006,0.411693205,3387,0.5435488629999999,5068,0.527765237,2338,3130,0.77,2781,0.46703171299999996,2047,33000.0,2290,0.059000000000000004,0.380006936,4383,0.522473192,16323,0.523758594,3428,7784,47.1,22.9,23.1,4057277,1805034,4640169,2017971,86215,722884,2833018,29856794,2237643,18504272,1854878,853606,416,123,1802,15,10,35,138,12797,127,6032,21810,101,154,2.9,2.6,3.0,4.2,4.3,3.5,3.3,3.0,3.1,3.4,3.2,2.8,2.2,1.4,1.2,1.0,0.9,3.4,46.8,42.4,40.8,0.9,0.3,0.2,0.8,1.7,0.5,0.3,0.9,0.2,0.1,0.6,0.2,0.1,0.4,0.1,0.1,1.0,0.5,0.0,0.1,0.1,0.1,0.4,"Bath Beach, Bensonhurst, Gravesend, Mapleton",15.3,12.8,13.6,39.8,29.5,35.2,36.7,1.0,93.9,92.1,95.1,55.8,48.9,45.8,44.5,14.4,1.5,64,43.0,172129,181981,191977.0,0.06,22.5,20.9,19.8,4017,False,,"Quality of life issues (noise, graffiti, petty crime, etc.)",Street conditions (roadway maintenance),Trash removal & cleanliness,69469761,20.9,23.1,21,5.1,4.4,4.9
312,0.17987590686246646,0.1802067781073413,-0.0018360643719945724,,138,,2292.3,"American Community Survey 2013-2017 5-Year Estimates for PUMA 4014, which is an approximation of Brooklyn CD 12","American Community Survey (ACS) 2013-2017 5-year estimates for floodplain area within PUMA 4014, which is an approximation of Brooklyn CD 12.",2010 Census population counts for floodplain area within Brooklyn CD 12.,3.6,312,bkcb12@gmail.com,www.brooklyncb12.org,Brooklyn Community District 12,Brooklyn CD 12,http://www1.nyc.gov/assets/planning/download/pdf/community/community-portal/statement_needs/bk12_statement_2018.pdf,24891,60184,24,4,6,21,874,28276,96515,6.022785,11.2,11.8,4.5,3.5,3.1,3.8,3.2,2.8,2.7,2.0,4.7,1.8,2.2,2.4,2.4,1.1,0.9,1.0,1.5,6.0,0.0,0,0.0,0,,0,0.0,0.0,0,0.0,0,0.0,0,0,0.0,0,0.0,0,,0,0.0,0.0,0,0.0,0,0.0,0,0,30.9,22.9,23.1,2421584,1449740,5303717,3696333,121162,604635,4729550,26630620,3463187,14838850,1930151,1126025,448,229,2034,23,31,36,501,10217,210,5042,19348,151,324,4.7,3.9,3.6,3.7,3.8,3.0,2.9,1.9,4.9,2.3,2.1,2.2,2.0,1.0,0.7,0.5,0.8,6.5,36.7,42.4,40.8,0.9,0.3,0.2,1.0,2.1,0.5,0.3,1.2,0.2,0.1,0.8,0.2,0.1,0.5,0.1,0.1,1.4,0.7,0.0,0.1,0.1,0.1,0.3,"Borough Park, Kensington, Ocean Parkway",11.8,12.8,13.6,14.3,28.7,35.2,36.7,2.3,85.1,92.1,95.1,29.1,61.0,45.8,44.5,10.8,2.0,74,70.6,185046,191382,164461.0,0.03,27.2,20.9,19.8,4014,False,,Affordable housing,Traffic,Trash removal & cleanliness,66315554,36.3,23.1,21,5.1,3.5,4.9
313,0.1954727836106204,0.16274032221926643,0.2011330747351736,,199,,2023.6,"American Community Survey 2013-2017 5-Year Estimates for PUMA 4018, which is an approximation of Brooklyn CD 13","American Community Survey (ACS) 2013-2017 5-year estimates for floodplain area within PUMA 4018, which is an approximation of Brooklyn CD 13.",2010 Census population counts for floodplain area within Brooklyn CD 13.,3.2,313,edmark@cb.nyc.gov,www1.nyc.gov/site/brooklyncb13/index.page,Brooklyn Community District 13,Brooklyn CD 13,http://www1.nyc.gov/assets/planning/download/pdf/community/community-portal/statement_needs/bk13_statement_2018.pdf,7895,46051,14,6,16,25,901,28276,96515,8.662746,11.2,11.8,2.3,2.6,2.8,3.0,3.2,3.1,3.3,3.0,2.7,3.5,3.6,3.9,3.7,2.5,3.5,2.1,2.5,3.1,2.57,7466,0.322110793,4047,15000.0,5554,1.023,0.27892727100000003,12564,0.44205667,84613,0.580296566,16593,43823,4.52,7861,0.321678849,4269,15000.0,5884,1.023,0.271673934,13271,0.443372768,103452,0.576166296,18155,45976,43.8,22.9,23.1,2839011,667961,3051906,28363944,471480,1611298,4371675,8891287,11727658,4822831,1040312,5802608,252,51,421,75,38,37,117,3534,180,1425,6766,79,395,2.8,2.4,2.5,3.6,2.6,2.9,2.5,2.8,2.8,2.8,2.8,2.7,2.9,1.7,2.0,1.3,1.3,3.1,46.4,42.4,40.8,1.6,0.3,0.2,1.1,2.0,0.5,0.3,1.2,0.2,0.1,1.0,0.2,0.1,0.8,0.1,0.1,1.3,0.8,0.0,0.1,0.1,0.1,0.8,"Brighton Beach, Coney Island, Gravesend, Homecrest, Sea Gate, West Brighton",23.4,12.8,13.6,14.0,36.6,35.2,36.7,11.1,94.5,92.1,95.1,52.5,46.5,45.8,44.5,15.7,2.5,95,56.6,106120,104278,114207.0,-0.02,24.4,20.9,19.8,4018,False,,Resiliency,Street conditions (roadway maintenance),Traffic,73661971,19.8,23.1,21,5.1,5.4,4.9
314,0.1800946729638225,0.16159929735665335,0.11445207936980961,,61,,1886.6,"American Community Survey 2013-2017 5-Year Estimates for PUMA 4015, which is an approximation of Brooklyn CD 14","American Community Survey (ACS) 2013-2017 5-year estimates for floodplain area within PUMA 4015, which is an approximation of Brooklyn CD 14.",2010 Census population counts for floodplain area within Brooklyn CD 14.,2.9,314,info@cb14brooklyn.com,www.cb14brooklyn.com,Brooklyn Community District 14,Brooklyn CD 14,http://www1.nyc.gov/assets/planning/download/pdf/community/community-portal/statement_needs/bk14_statement_2018.pdf,17015,60505,20,5,2,25,1300,28276,96515,8.833473,11.2,11.8,3.2,3.0,4.1,4.8,4.1,3.4,3.6,3.0,3.6,3.1,3.3,2.9,2.3,1.4,1.3,0.9,1.2,3.9,0.0,0,0.0,0,,0,0.0,0.0,0,0.0,0,0.0,0,0,0.0,0,0.0,0,,0,0.0,0.0,0,0.0,0,0.0,0,0,26.2,22.9,23.1,2472208,178998,3563093,2054014,50165,407180,4734744,26616864,8210101,5541252,1444841,404043,363,16,1197,11,9,38,242,7833,530,1237,11700,81,120,3.2,3.1,3.3,3.9,3.5,3.5,2.9,2.8,3.4,2.6,2.5,2.6,1.9,1.4,0.9,0.6,0.5,4.2,42.1,42.4,40.8,0.9,0.3,0.2,0.9,1.6,0.5,0.3,1.1,0.2,0.1,0.7,0.2,0.1,0.5,0.1,0.1,0.9,0.7,0.0,0.1,0.1,0.1,0.5,"Ditmas Park, Flatbush, Manhattan Terrace, Midwood, Ocean Parkway, Prospect Park South",12.5,12.8,13.6,10.7,37.3,35.2,36.7,30.7,92.4,92.1,95.1,41.6,50.1,45.8,44.5,15.7,2.7,59,40.3,168806,160664,164081.0,-0.05,21.5,20.9,19.8,4015,False,,Parks,Street conditions (roadway maintenance),Traffic,55677503,25.3,23.1,21,5.1,4.9,4.9
315,0.24635155648323018,0.25045682378708056,-0.016391117805360178,,177,,3022.2,"American Community Survey 2013-2017 5-Year Estimates for PUMA 4016, which is an approximation of Brooklyn CD 15","American Community Survey (ACS) 2013-2017 5-year estimates for floodplain area within PUMA 4016, which is an approximation of Brooklyn CD 15.",2010 Census population counts for floodplain area within Brooklyn CD 15.,4.7,315,bklcb15@verizon.net,www.nyc.gov/html/bkncb15,Brooklyn Community District 15,Brooklyn CD 15,http://www1.nyc.gov/assets/planning/download/pdf/community/community-portal/statement_needs/bk15_statement_2018.pdf,30643,64260,18,6,11,23,1255,28276,96515,7.90535,11.2,11.8,2.7,2.5,2.8,3.8,3.3,3.4,2.9,3.3,3.0,3.4,3.6,3.5,3.2,2.1,1.6,1.1,2.0,3.4,1.43,8900,0.34115674799999995,3256,39000.0,4774,0.057999999999999996,0.499947617,9544,0.500209556,36291,0.529976941,4137,22255,3.2,16875,0.338894307,6602,34000.0,9473,0.063,0.491708524,19481,0.486268672,82392,0.5183000870000001,8964,38748,34.6,22.9,23.1,4883481,392930,4086542,3296236,548531,652778,7705114,45550607,9049844,7262733,2299402,5783815,656,34,1223,53,62,39,248,17712,288,2160,23339,65,661,3.0,2.6,3.2,3.4,3.2,3.1,2.9,2.9,3.0,3.2,3.3,3.1,2.8,1.7,1.5,0.9,1.1,3.8,44.9,42.4,40.8,1.1,0.3,0.2,1.1,1.9,0.5,0.3,1.2,0.2,0.1,0.7,0.2,0.1,0.7,0.1,0.1,1.0,0.6,0.0,0.1,0.1,0.1,0.5,"Gerritsen Beach, Gravesend, Homecrest, Kings Highway, Manhattan Beach, Plumb Beach, Sheepshead Bay",18.0,12.8,13.6,17.2,39.9,35.2,36.7,3.9,94.2,92.1,95.1,49.1,48.0,45.8,44.5,10.0,2.0,76,66.8,160319,159650,154037.0,0.0,18.6,20.9,19.8,4016,False,,Traffic,Transit (buses & subways),Trash removal & cleanliness,91512013,22.1,23.1,21,5.1,4.1,4.9
316,0.12354457114337762,0.1074637181836164,0.14963983409065462,,159,,1188.4,"American Community Survey 2013-2017 5-Year Estimates for PUMA 4007, which is an approximation of Brooklyn CD 16","American Community Survey (ACS) 2013-2017 5-year estimates for floodplain area within PUMA 4007, which is an approximation of Brooklyn CD 16.",2010 Census population counts for floodplain area within Brooklyn CD 16.,1.9,316,bk16@cb.nyc.gov,www.nyc.gov/brooklyncb16,Brooklyn Community District 16,Brooklyn CD 16,http://www1.nyc.gov/assets/planning/download/pdf/community/community-portal/statement_needs/bk16_statement_2018.pdf,8567,35342,9,3,17,34,1624,28276,96515,12.58877,11.2,11.8,3.7,3.5,3.5,5.0,4.0,4.4,4.3,3.9,3.1,4.2,3.3,2.8,2.4,1.5,1.3,1.0,0.7,3.7,0.0,0,0.0,0,,0,0.0,0.0,0,0.0,0,0.0,0,0,0.01,0,0.0,0,,0,0.0,0.0,0,0.0,0,0.0,0,0,10.1,22.9,23.1,1293167,1383033,2352770,1913162,292397,795944,3220141,7766708,5708857,7123647,1595828,1230708,215,140,623,66,59,40,210,3745,66,2384,8156,97,392,3.9,3.5,4.1,3.6,3.1,2.4,2.6,2.5,3.4,2.9,2.5,1.7,1.5,1.0,0.7,0.2,0.4,4.0,47.0,42.4,40.8,0.9,0.3,0.2,1.2,2.0,0.5,0.3,0.8,0.2,0.1,1.1,0.2,0.1,0.6,0.1,0.1,1.4,1.2,0.0,0.1,0.1,0.1,0.7,"Broadway Junction, Brownsville, Ocean Hill",10.6,12.8,13.6,1.4,13.6,35.2,36.7,73.1,86.9,92.1,95.1,29.7,54.3,45.8,44.5,21.5,1.2,99,2.6,85343,86468,121459.0,0.01,29.4,20.9,19.8,4007,False,,Affordable housing,Health care services,Youth and children’s services,34676362,26.1,23.1,21,5.1,8.3,4.9
317,0.1695648647273821,0.15856017581402185,0.06940386422292977,,156,,2153.2,"American Community Survey 2013-2017 5-Year Estimates for PUMA 4010, which is an approximation of Brooklyn CD 17","American Community Survey (ACS) 2013-2017 5-year estimates for floodplain area within PUMA 4010, which is an approximation of Brooklyn CD 17.",2010 Census population counts for floodplain area within Brooklyn CD 17.,3.4,317,bk17@cb.nyc.gov,www.cb17brooklyn.org,Brooklyn Community District 17,Brooklyn CD 17,http://www1.nyc.gov/assets/planning/download/pdf/community/community-portal/statement_needs/bk17_statement_2018.pdf,24400,57066,10,4,6,31,1968,28276,96515,14.626822,11.2,11.8,2.9,3.5,3.6,4.3,4.4,3.4,4.0,4.0,2.9,3.9,3.8,3.5,3.1,2.2,1.8,1.2,1.2,2.9,0.0,0,0.0,0,,0,0.0,0.0,0,0.0,0,0.0,0,0,0.0,0,0.0,0,,0,0.0,0.0,0,0.0,0,0.0,0,0,8.7,22.9,23.1,2188291,1864669,3458305,3506575,366770,838058,4365436,27150186,3514223,11418106,1833109,608694,287,183,1127,16,59,41,260,11896,144,3769,18252,137,218,2.9,3.0,3.3,3.5,2.9,2.6,3.0,2.6,3.1,2.9,2.5,2.2,1.6,1.8,1.1,0.7,0.5,3.2,46.7,42.4,40.8,1.0,0.3,0.2,1.2,1.8,0.5,0.3,0.7,0.2,0.1,0.7,0.2,0.1,0.6,0.1,0.1,1.1,0.6,0.0,0.1,0.1,0.1,0.5,"East Flatbush, Farragut, Flatbush, Northeast Flatbush, Remsen Village, Rugby, Erasmus",15.2,12.8,13.6,1.4,23.7,35.2,36.7,87.1,94.2,92.1,95.1,52.2,50.4,45.8,44.5,7.4,1.7,61,2.5,165753,155252,138044.0,-0.06,19.5,20.9,19.8,4010,False,,Cultural facilities & programs,Schools,Senior services,61112422,21.8,23.1,21,5.1,4.9,4.9
318,0.21171277764962457,0.2187745024477137,-0.0322785549462139,,197,,5410.5,"American Community Survey 2013-2017 5-Year Estimates for PUMA 4009, which is an approximation of Brooklyn CD 18","American Community Survey (ACS) 2013-2017 5-year estimates for floodplain area within PUMA 4009, which is an approximation of Brooklyn CD 18.",2010 Census population counts for floodplain area within Brooklyn CD 18.,8.5,318,bkbrd18@optonline.net,,Brooklyn Community District 18,Brooklyn CD 18,http://www1.nyc.gov/assets/planning/download/pdf/community/community-portal/statement_needs/bk18_statement_2018.pdf,44947,65392,11,6,19,35,1827,28276,96515,9.498186,11.2,11.8,3.4,3.1,3.6,3.7,3.5,3.0,3.7,3.7,3.2,4.1,3.9,3.8,2.9,2.0,1.3,1.0,1.3,3.0,3.83,8647,0.49124025600000004,6365,36000.0,9618,2.6489999999999996,0.550846017,12957,0.7423014590000001,31115,0.508589915,4559,14545,8.71,19797,0.474066893,10758,35000.0,16996,2.8110000000000004,0.537481348,22693,0.748953422,77004,0.49796063100000004,8424,32881,12.7,22.9,23.1,8464193,4961217,2352641,49057282,1314633,2736702,8282095,77087820,5232514,9235571,6246302,28488487,546,146,856,49,96,42,230,30334,38,2379,35577,174,532,3.3,3.5,3.3,3.4,3.1,2.8,2.8,2.9,2.9,3.0,3.2,2.9,2.3,1.3,1.0,0.6,0.6,3.1,47.5,42.4,40.8,0.9,0.3,0.2,0.8,1.8,0.5,0.3,0.6,0.2,0.1,0.7,0.2,0.1,0.4,0.1,0.1,0.8,0.6,0.0,0.1,0.1,0.1,0.3,"Bergen Beach, Canarsie, Flatlands, Georgetown, Marine Park, Mill Basin, Mill Island, Paerdegat Basin",14.2,12.8,13.6,4.7,31.1,35.2,36.7,62.5,93.4,92.1,95.1,40.2,42.0,45.8,44.5,8.2,1.7,77,22.8,194653,193543,211993.0,-0.01,14.6,20.9,19.8,4009,False,,Parks,Resiliency,Street conditions (roadway maintenance),203459457,22.9,23.1,21,5.1,4.9,4.9
401,0.30828178235185466,0.24422431878645867,0.26228945538140946,,383,,3938.0,"American Community Survey 2013-2017 5-Year Estimates for PUMA 4101, which is an approximation of Queens CD 1","American Community Survey (ACS) 2013-2017 5-year estimates for floodplain area within PUMA 4101, which is an approximation of Queens CD 1.",2010 Census population counts for floodplain area within Queens CD 1.,6.2,401,Qn01@cb.nyc.gov,www1.nyc.gov/site/queenscb1/index.page,Queens Community District 1,Queens CD 1,http://www1.nyc.gov/assets/planning/download/pdf/community/community-portal/statement_needs/qn01_statement_2018.pdf,24420,84490,19,6,13,32,1971,19371,96515,12.989852,9.1,11.8,1.7,1.8,3.4,7.5,6.4,4.3,2.8,3.0,1.8,3.1,2.8,2.4,2.2,1.7,1.2,1.0,1.3,2.3,1.33,1093,0.42907058,614,51000.0,820,0.14300000000000002,0.218339945,1431,0.573025856,3806,0.540469974,2277,5933,2.86,1961,0.471309465,961,41000.0,1070,0.151,0.179901182,2039,0.524767043,10550,0.498238288,3818,12800,24.2,29.3,23.1,7753275,10431963,6568787,8377985,521348,2686046,4640052,18963497,8160973,19541828,9934032,3083370,651,827,1725,56,44,43,194,8269,209,6396,19374,246,374,2.0,1.8,3.3,6.9,6.5,4.8,3.6,3.2,2.1,2.9,2.3,2.3,1.7,1.3,1.0,0.7,0.5,2.6,39.0,43.5,40.8,1.0,0.3,0.2,0.9,1.4,0.6,0.3,0.8,0.3,0.1,0.5,0.2,0.1,0.5,0.0,0.1,0.8,0.6,0.0,0.1,0.1,0.1,0.4,"Astoria, Astoria Heights, Queensbridge, Dutch Kills, Long Island City, Ravenswood, Rikers Island (BX), Steinway",12.6,14.3,13.6,16.3,44.9,30.8,36.7,6.7,96.0,96.5,95.1,40.1,38.4,46.8,44.5,26.8,2.9,63,47.3,211220,191105,173656.0,-0.1,18.1,19.3,19.8,4101,False,,Affordable housing,Police-community relations,Other,100663156,14.6,20.2,21,4.4,5.0,4.9
402,0.2747125734565954,0.24137939529000915,0.13809454666392518,,390,,3211.4,"American Community Survey 2013-2017 5-Year Estimates for PUMA 4109, which is an approximation of Queens CD 2","American Community Survey (ACS) 2013-2017 5-year estimates for floodplain area within PUMA 4109, which is an approximation of Queens CD 2.",2010 Census population counts for floodplain area within Queens CD 2.,5.0,402,qn02@cb.nyc.gov,www.nyc.gov/queenscb2,Queens Community District 2,Queens CD 2,http://www1.nyc.gov/assets/planning/download/pdf/community/community-portal/statement_needs/qn02_statement_2018.pdf,12113,55803,6,3,20,32,986,19371,96515,7.547115,9.1,11.8,1.9,2.1,2.6,5.2,5.1,4.7,3.8,3.3,2.2,2.9,3.0,2.4,2.3,1.6,1.2,0.9,0.9,2.6,0.64,505,0.261445783,434,101000.0,1193,0.083,0.176953417,1660,0.718674699,5875,0.36183732799999996,1993,8664,1.31,1081,0.243902439,460,98000.0,1337,0.08900000000000001,0.17789096399999998,1886,0.708907741,9392,0.359143846,2282,14643,39.6,29.3,23.1,4921842,22180936,3480382,13725196,1220372,4910119,3463140,10339724,4771629,7535660,5994574,3083148,417,893,709,55,48,44,139,4742,199,2596,10757,210,359,2.4,1.7,2.9,5.0,5.6,5.5,5.0,4.2,2.2,3.6,2.7,2.6,1.8,1.3,1.0,0.6,0.3,2.8,37.4,43.5,40.8,1.1,0.3,0.2,1.3,1.9,0.6,0.3,1.3,0.3,0.1,0.5,0.2,0.1,0.6,0.0,0.1,1.0,0.8,0.0,0.1,0.1,0.1,0.4,"Blissville, Hunters Point, Long Island City, Sunnyside, Sunnyside Gardens, Woodside",12.0,14.3,13.6,35.5,39.4,30.8,36.7,1.4,93.5,96.5,95.1,54.8,42.7,46.8,44.5,32.4,2.3,77,28.2,109920,113200,138893.0,0.03,18.8,19.3,19.8,4109,False,,Affordable housing,Health care services,Schools,85626722,16.5,20.2,21,4.4,3.2,4.9
403,0.17365207437342825,0.16467525893461948,0.05451222907973574,,110,,1905.3,"American Community Survey 2013-2017 5-Year Estimates for PUMA 4102, which is an approximation of Queens CD 3","American Community Survey (ACS) 2013-2017 5-year estimates for floodplain area within PUMA 4102, which is an approximation of Queens CD 3.",2010 Census population counts for floodplain area within Queens CD 3.,3.0,403,communityboard3@nyc.rr.com,www.cb3qn.nyc.gov,Queens Community District 3,Queens CD 3,http://www1.nyc.gov/assets/planning/download/pdf/community/community-portal/statement_needs/qn03_statement_2018.pdf,18893,52716,10,4,13,22,1829,19371,96515,10.079284,9.1,11.8,2.7,2.6,3.5,4.2,4.0,3.8,3.2,3.3,2.9,3.0,2.4,2.5,2.3,1.9,1.1,1.0,1.0,3.5,1.06,8,0.0,0,,0,0.0,0.0,0,0.0,0,0.0,0,5,2.12,11,0.464594128,269,52000.0,370,0.0,0.38217821799999996,579,0.639032815,0,0.6883852690000001,486,11,48.1,29.3,23.1,5350642,283946,2609701,2002935,49170,1013148,3435845,22982084,5024552,9842362,568339,734112,451,23,806,20,15,45,145,9210,196,3395,14654,46,237,3.1,2.7,3.5,4.4,4.9,4.2,4.3,3.9,3.0,3.4,3.1,2.0,1.7,1.1,1.0,0.5,0.5,3.7,42.5,43.5,40.8,0.9,0.3,0.2,1.1,2.3,0.6,0.3,1.1,0.3,0.1,0.6,0.2,0.1,0.6,0.0,0.1,1.0,0.7,0.0,0.1,0.1,0.1,0.3,"East Elmhurst, Jackson Heights, North Corona",12.1,14.3,13.6,17.0,20.1,30.8,36.7,4.8,94.3,96.5,95.1,59.8,53.7,46.8,44.5,66.9,1.5,71,10.0,169083,171576,180187.0,0.01,24.0,19.3,19.8,4102,False,,Affordable housing,Schools,Senior services,53896836,22.1,20.2,21,4.4,3.7,4.9
404,0.18553460918307554,0.1502992907095204,0.23443436297815645,,136,,1506.8,"American Community Survey 2013-2017 5-Year Estimates for PUMA 4107, which is an approximation of Queens CD 4","American Community Survey (ACS) 2013-2017 5-year estimates for floodplain area within PUMA 4107, which is an approximation of Queens CD 4.",2010 Census population counts for floodplain area within Queens CD 4.,2.4,404,qn04@cb.nyc.gov,www1.nyc.gov/site/queenscb4/index.page,Queens Community District 4,Queens CD 4,http://www1.nyc.gov/assets/planning/download/pdf/community/community-portal/statement_needs/qn04_statement_2018.pdf,14600,52627,5,2,12,27,1344,19371,96515,10.227701,9.1,11.8,2.7,2.4,3.0,3.8,4.0,3.8,3.7,3.1,2.9,3.0,3.1,3.0,2.3,1.4,1.5,0.9,1.0,3.2,0.0,0,0.0,0,,0,0.0,0.0,0,0.0,0,0.0,0,0,0.0,4,0.426470588,29,61000.0,29,0.001,0.159250586,68,0.426470588,0,0.487465181,175,9,50.7,29.3,23.1,2893499,825694,3308170,1164084,15776,567672,2937349,11837003,4728711,12164561,1081929,537343,393,64,849,25,4,46,127,4930,191,4916,11906,70,201,3.0,2.9,3.6,4.7,4.5,4.2,4.3,3.3,3.3,3.2,3.0,2.6,1.8,1.3,0.8,0.5,0.5,3.7,42.7,43.5,40.8,1.4,0.3,0.2,1.1,2.4,0.6,0.3,1.3,0.3,0.1,0.7,0.2,0.1,0.6,0.0,0.1,1.4,0.8,0.0,0.1,0.1,0.1,0.4,"Corona, Corona Heights, Elmhurst, Lefrak City",12.1,14.3,13.6,34.2,22.0,30.8,36.7,7.6,95.4,96.5,95.1,62.9,54.9,46.8,44.5,49.7,1.9,76,6.7,167005,172598,143228.0,0.03,25.6,19.3,19.8,4107,False,,Neighborhood preservation (development trends),Schools,Traffic,42061791,22.2,20.2,21,4.4,3.6,4.9
405,0.2833944102302592,0.26484052049498163,0.07005683911434968,,437,,4829.4,"American Community Survey 2013-2017 5-Year Estimates for PUMA 4110, which is an approximation of Queens CD 5","American Community Survey (ACS) 2013-2017 5-year estimates for floodplain area within PUMA 4110, which is an approximation of Queens CD 5.",2010 Census population counts for floodplain area within Queens CD 5.,7.5,405,qnscb5@nyc.rr.com,www.nyc.gov/qnscb5,Queens Community District 5,Queens CD 5,http://www1.nyc.gov/assets/planning/download/pdf/community/community-portal/statement_needs/qn05_statement_2018.pdf,41562,66031,6,4,13,29,1268,19371,96515,8.014425,9.1,11.8,3.2,2.6,3.0,4.1,4.3,4.1,3.3,3.7,2.7,3.5,3.5,3.1,2.3,1.4,1.5,1.1,1.1,2.9,0.1,44,0.0,0,,0,0.0,0.0,0,0.0,0,0.0,0,0,0.27,87,0.436619718,93,45000.0,141,0.0,0.27133758,213,0.661971831,3,0.634615385,330,0,23.4,29.3,23.1,4649953,15429716,4888051,51196971,824795,2151448,3782954,49979006,815939,15820137,8474701,1255208,339,592,1801,85,66,47,172,21401,19,5896,31462,161,493,2.6,2.9,3.5,4.2,3.9,3.9,3.5,3.5,3.3,3.5,3.3,2.6,1.8,1.2,0.9,0.6,0.6,3.1,40.7,43.5,40.8,0.8,0.3,0.2,0.9,1.6,0.6,0.3,0.8,0.3,0.1,0.5,0.2,0.1,0.6,0.0,0.1,0.7,0.6,0.0,0.1,0.1,0.1,0.3,"Glendale, Maspeth, Middle Village, Ridgewood",12.6,14.3,13.6,8.8,27.5,30.8,36.7,1.3,95.7,96.5,95.1,39.5,41.2,46.8,44.5,36.5,1.3,74,52.1,165911,169190,181598.0,0.02,16.8,19.3,19.8,4110,False,,Emergency response,Street flooding,Traffic,159268879,21.3,20.2,21,4.4,3.8,4.9
406,0.2816504754523368,0.26521873729181383,0.06195541962196849,,109,,1898.2,"American Community Survey 2013-2017 5-Year Estimates for PUMA 4108, which is an approximation of Queens CD 6","American Community Survey (ACS) 2013-2017 5-year estimates for floodplain area within PUMA 4108, which is an approximation of Queens CD 6.",2010 Census population counts for floodplain area within Queens CD 6.,3.0,406,qn06@cb.nyc.gov,www1.nyc.gov/site/queenscb6/index.page,Queens Community District 6,Queens CD 6,http://www1.nyc.gov/assets/planning/download/pdf/community/community-portal/statement_needs/qn06_statement_2018.pdf,14470,55602,7,3,6,17,614,19371,96515,5.406633,9.1,11.8,1.9,1.9,1.9,3.8,4.5,4.3,4.0,3.4,2.7,3.3,3.9,3.5,3.1,2.5,2.0,2.0,2.2,3.0,0.01,19,0.0,0,,0,0.0,0.0,0,0.0,0,0.0,0,448,0.03,84,0.334351145,219,24000.0,391,0.0,0.310279488,655,0.596946565,1132,0.506777108,673,967,25.8,29.3,23.1,3655153,92325,3496833,1046308,13312,334528,3334069,25370870,9760180,2703180,2629798,719793,260,3,376,13,2,48,94,8443,304,521,10321,43,153,2.0,1.3,1.9,3.2,4.0,3.5,3.5,3.4,2.6,3.1,3.7,2.7,2.8,1.6,1.4,1.0,1.0,3.4,42.9,43.5,40.8,1.3,0.3,0.2,1.2,2.3,0.6,0.3,1.0,0.3,0.1,0.7,0.2,0.1,0.7,0.0,0.1,1.0,0.7,0.0,0.1,0.1,0.1,0.4,"Forest Hills, Forest Hills Gardens, Rego Park",19.6,14.3,13.6,29.2,55.7,30.8,36.7,2.8,98.9,96.5,95.1,50.6,44.9,46.8,44.5,15.8,3.1,79,48.6,115967,113257,116607.0,-0.02,15.1,19.3,19.8,4108,False,,Schools,Senior services,Transit (buses & subways),53156349,17.7,20.2,21,4.4,3.1,4.9
407,0.24327949861641893,0.23131803735654802,0.05171002398500302,,359,,7539.8,"American Community Survey 2013-2017 5-Year Estimates for PUMA 4103, which is an approximation of Queens CD 7","American Community Survey (ACS) 2013-2017 5-year estimates for floodplain area within PUMA 4103, which is an approximation of Queens CD 7.",2010 Census population counts for floodplain area within Queens CD 7.,11.8,407,qn07@cb.nyc.gov,www.nyc.gov/queenscb7,Queens Community District 7,Queens CD 7,http://www1.nyc.gov/assets/planning/download/pdf/community/community-portal/statement_needs/qn07_statement_2018.pdf,48642,94225,15,9,27,34,1780,19371,96515,7.6530309999999995,9.1,11.8,2.3,2.0,3.1,3.6,3.6,3.2,3.7,3.9,2.3,4.1,4.0,3.5,2.8,2.0,1.9,1.5,2.1,2.7,4.53,1672,0.344830985,3499,54000.0,5217,0.371,0.559217415,10147,0.5141421110000001,5868,0.495157179,2914,5505,7.23,2843,0.359899329,3861,46000.0,5446,0.41100000000000003,0.49542809600000004,10728,0.50764355,10081,0.529447188,4396,9740,53.2,29.3,23.1,12882479,12038643,7286163,41136204,1034760,4310265,16564093,100555872,12767744,18519683,6526717,68711043,864,424,1330,97,60,49,324,27015,275,2972,34769,160,889,2.3,2.4,2.6,3.6,3.4,3.2,3.0,3.6,2.3,4.0,3.4,3.0,2.4,1.9,1.4,1.2,0.9,2.8,40.9,43.5,40.8,1.0,0.3,0.2,0.8,2.0,0.6,0.3,1.0,0.3,0.1,0.6,0.2,0.1,0.5,0.0,0.1,0.8,0.5,0.0,0.1,0.1,0.1,0.3,"Auburndale, Bay Terrace, Beechhurst, Clearview, College Point, Downtown Flushing, East Flushing, Flushing, Malba, Murray Hill, Queensboro Hill, Waldheim, Whitestone",18.2,14.3,13.6,52.6,26.2,30.8,36.7,2.1,97.3,96.5,95.1,57.2,56.4,46.8,44.5,17.4,2.5,80,25.7,242952,247354,252138.0,0.02,25.5,19.3,19.8,4103,False,,Street conditions (roadway maintenance),Street flooding,Traffic,302333666,17.5,20.2,21,4.4,2.8,4.9
408,0.24190391024000643,0.23753048227317422,0.01841207042135551,,50,,4765.3,"American Community Survey 2013-2017 5-Year Estimates for PUMA 4106, which is an approximation of Queens CD 8","American Community Survey (ACS) 2013-2017 5-year estimates for floodplain area within PUMA 4106, which is an approximation of Queens CD 8.",2010 Census population counts for floodplain area within Queens CD 8.,7.4,408,qn08@cb.nyc.gov,www1.nyc.gov/site/queenscb8/index.page,Queens Community District 8,Queens CD 8,http://www1.nyc.gov/assets/planning/download/pdf/community/community-portal/statement_needs/qn08_statement_2018.pdf,30129,56704,7,6,17,35,1071,19371,96515,7.023903,9.1,11.8,2.4,3.1,3.7,4.2,3.5,3.3,3.4,3.1,2.8,3.6,3.5,3.8,2.8,1.7,1.2,1.2,1.4,3.6,0.03,0,0.0,0,,0,0.021,0.0,0,0.0,0,0.0,0,0,0.08,106,0.0,0,,0,0.682,0.0,0,0.0,0,0.0,0,210,27.7,29.3,23.1,4480605,59612,2037651,19159537,43079,420486,16619314,64436651,10955325,22562609,574614,1018544,303,11,356,30,7,50,177,16904,125,1153,19358,40,202,2.5,3.2,3.6,3.6,3.9,2.6,3.3,2.8,2.9,2.9,3.4,2.8,2.1,1.7,1.1,0.9,0.8,3.4,43.8,43.5,40.8,1.3,0.3,0.2,1.1,2.2,0.6,0.3,1.2,0.3,0.1,0.8,0.2,0.1,0.6,0.0,0.1,1.3,0.8,0.0,0.1,0.1,0.1,0.6,"Briarwood, Fresh Meadows, Hillcrest, Holliswood, Jamaica, Jamaica Estates, Jamaica Hills, Kew Gardens Hills, Pomonok, Utopia",15.0,14.3,13.6,34.3,39.3,30.8,36.7,11.5,98.0,96.5,95.1,46.9,48.9,46.8,44.5,19.2,4.4,64,30.6,146594,151107,165028.0,0.03,20.8,19.3,19.8,4106,False,,Parks,Street conditions (roadway maintenance),Street flooding,142368027,20.6,20.2,21,4.4,5.3,4.9
409,0.2484132986736374,0.20729975163577186,0.1983289739299956,,198,,2459.8,"American Community Survey 2013-2017 5-Year Estimates for PUMA 4111, which is an approximation of Queens CD 9","American Community Survey (ACS) 2013-2017 5-year estimates for floodplain area within PUMA 4111, which is an approximation of Queens CD 9.",2010 Census population counts for floodplain area within Queens CD 9.,3.8,409,communitybd9@nyc.rr.com,www1.nyc.gov/site/queenscb9/index.page,Queens Community District 9,Queens CD 9,http://www1.nyc.gov/assets/planning/download/pdf/community/community-portal/statement_needs/qn09_statement_2018.pdf,29458,45824,10,2,3,26,916,19371,96515,7.364655,9.1,11.8,2.8,3.1,4.0,4.1,3.5,3.4,3.7,3.7,2.7,3.4,3.7,3.0,2.3,1.4,1.1,0.7,0.9,3.0,0.0,0,0.0,0,,0,0.0,0.0,0,0.0,0,0.0,0,0,0.0,0,0.0,0,,0,0.0,0.0,0,0.0,0,0.0,0,0,26.6,29.3,23.1,3186031,2081702,3546082,1516122,94505,835194,3323414,41878691,2521248,7776659,3258029,621128,334,185,1312,17,15,51,181,15328,98,2307,20402,168,259,3.2,3.3,3.8,4.2,3.9,3.5,3.3,3.9,3.2,3.3,3.1,2.8,1.9,1.2,0.8,0.4,0.4,3.3,45.7,43.5,40.8,0.8,0.3,0.2,1.0,2.3,0.6,0.3,0.9,0.3,0.1,0.6,0.2,0.1,0.6,0.0,0.1,1.0,0.6,0.0,0.1,0.1,0.1,0.4,"Kew Gardens, Ozone Park, Richmond Hill, Woodhaven",11.1,14.3,13.6,26.8,26.2,30.8,36.7,5.5,95.1,96.5,95.1,50.8,46.8,46.8,44.5,42.2,8.1,72,18.0,141608,143317,155032.0,0.01,21.5,19.3,19.8,4111,False,,Affordable housing,Schools,Senior services,70638805,22.1,20.2,21,4.4,4.7,4.9
410,0.2380434792434575,0.22730511687209295,0.047242061767607035,,225,,3934.7,"American Community Survey 2013-2017 5-Year Estimates for PUMA 4113, which is an approximation of Queens CD 10","American Community Survey (ACS) 2013-2017 5-year estimates for floodplain area within PUMA 4113, which is an approximation of Queens CD 10.",2010 Census population counts for floodplain area within Queens CD 10.,6.1,410,cb10qns@nyc.rr.com,www.nyc.gov/html/qnscb10,Queens Community District 10,Queens CD 10,http://www1.nyc.gov/assets/planning/download/pdf/community/community-portal/statement_needs/qn10_statement_2018.pdf,35763,39155,6,4,17,23,1258,19371,96515,9.70554,9.1,11.8,2.9,2.8,4.0,3.8,3.2,3.2,3.4,3.7,2.6,4.0,3.9,2.9,2.7,1.6,1.3,0.9,1.3,2.9,1.48,5700,0.36845028700000004,1990,38000.0,2807,0.011000000000000001,0.61375,5401,0.519718571,11919,0.422424003,1070,6806,3.04,6649,0.36217510299999994,2118,36000.0,3075,0.254,0.5960048920000001,5848,0.525820793,20737,0.46051316200000003,1382,10179,13.3,29.3,23.1,3608622,640937,2074389,28924788,147999,956638,3042919,65324612,1417851,5952932,2479740,5722349,376,57,840,120,36,52,120,21292,15,970,25136,179,906,3.2,3.3,3.6,3.9,2.7,3.5,3.3,3.6,2.5,3.9,3.6,3.1,2.1,1.3,1.2,0.5,0.6,3.1,45.8,43.5,40.8,1.0,0.3,0.2,1.3,3.3,0.6,0.3,0.9,0.3,0.1,0.7,0.2,0.1,0.6,0.0,0.1,1.0,0.8,0.0,0.1,0.1,0.1,0.5,"Howard Beach, Lindenwood, Old Howard Beach, Ozone Park, South Ozone Park",13.6,14.3,13.6,22.4,21.3,30.8,36.7,14.8,95.9,96.5,95.1,45.0,50.2,46.8,44.5,25.7,16.6,58,21.7,127274,122396,138868.0,-0.04,17.3,19.3,19.8,4113,False,,"Quality of life issues (noise, graffiti, petty crime, etc.)",Resiliency,Street conditions (roadway maintenance),120293776,20.9,20.2,21,4.4,5.7,4.9
411,0.33036209659154603,0.30059757510090407,0.09901783632369843,,123,,5991.9,"American Community Survey 2013-2017 5-Year Estimates for PUMA 4104, which is an approximation of Queens CD 11","American Community Survey (ACS) 2013-2017 5-year estimates for floodplain area within PUMA 4104, which is an approximation of Queens CD 11.",2010 Census population counts for floodplain area within Queens CD 11.,9.4,411,QN11@cb.nyc.gov,www.nyc.gov/queenscb11,Queens Community District 11,Queens CD 11,http://www1.nyc.gov/assets/planning/download/pdf/community/community-portal/statement_needs/qn11_statement_2018.pdf,39082,44838,11,5,21,31,746,19371,96515,7.0477229999999995,9.1,11.8,2.4,2.3,2.4,3.2,3.2,3.3,3.6,3.3,2.3,4.3,4.2,3.8,3.2,2.3,1.8,1.2,2.2,2.5,0.62,360,0.384982935,564,52000.0,760,0.47100000000000003,0.659019343,1465,0.5187713310000001,1285,0.498333333,299,383,1.09,494,0.396204715,689,52000.0,950,0.6829999999999999,0.696435723,1739,0.546290972,1477,0.498333333,299,525,31.4,29.3,23.1,5307452,353246,1610150,37504399,153859,688742,9157035,98398179,2993669,18790434,600639,5119609,412,11,375,128,11,53,171,23035,22,955,25803,62,498,2.8,2.4,2.5,3.3,2.9,3.4,3.1,3.2,2.7,3.7,3.6,3.4,3.1,2.1,1.3,1.0,1.2,2.8,43.4,43.5,40.8,1.1,0.3,0.2,0.9,3.3,0.6,0.3,1.2,0.3,0.1,0.9,0.2,0.1,0.8,0.0,0.1,0.9,0.7,0.0,0.1,0.1,0.1,0.4,"Auburndale, Bayside, Douglaston, Hollis Hills, Little Neck, Oakland Gardens",19.5,14.3,13.6,44.0,42.1,30.8,36.7,1.9,99.1,96.5,95.1,42.9,43.6,46.8,44.5,11.5,2.4,71,40.5,116404,116431,121139.0,0.0,14.1,19.3,19.8,4104,False,,Parks,"Quality of life issues (noise, graffiti, petty crime, etc.)",Street conditions (roadway maintenance),180677413,18.6,20.2,21,4.4,3.2,4.9
412,0.19302012180403338,0.16556715215056128,0.16581169209522484,,407,,6137.1,"American Community Survey 2013-2017 5-Year Estimates for PUMA 4112, which is an approximation of Queens CD 12","American Community Survey (ACS) 2013-2017 5-year estimates for floodplain area within PUMA 4112, which is an approximation of Queens CD 12.",2010 Census population counts for floodplain area within Queens CD 12.,9.6,412,qn12@cb.nyc.gov,www.nyc.gov/qcb12,Queens Community District 12,Queens CD 12,http://www1.nyc.gov/assets/planning/download/pdf/community/community-portal/statement_needs/qn12_statement_2018.pdf,58201,75715,32,12,26,63,2837,19371,96515,12.532472,9.1,11.8,3.0,3.1,3.7,4.1,3.7,3.5,3.3,3.8,3.0,4.0,3.8,2.9,2.5,1.8,1.4,1.0,1.3,3.3,0.15,0,0.426229508,130,26000.0,238,0.151,0.563770795,305,0.7803278690000001,0,0.502415459,104,0,0.15,0,0.560344828,130,37000.0,165,0.151,0.657223796,232,0.7112068970000001,0,0.257142857,27,0,14.3,29.3,23.1,7146414,6751645,3839840,11223567,1014594,3237995,13227974,111559253,8663720,5472609,6624146,3938171,740,314,1380,54,120,54,499,34984,121,1228,41385,338,1200,3.3,3.1,3.8,4.0,3.6,2.9,2.8,3.1,2.9,3.4,3.0,2.5,1.7,1.1,0.9,0.5,0.5,3.5,48.9,43.5,40.8,0.8,0.3,0.2,0.8,1.6,0.6,0.3,0.8,0.3,0.1,0.6,0.2,0.1,0.4,0.0,0.1,0.8,0.5,0.0,0.1,0.1,0.1,0.4,"Hollis, Jamaica, Jamaica Center, North Springfield Gardens, Rochdale, South Jamaica, St. Albans",12.7,14.3,13.6,12.5,21.0,30.8,36.7,61.2,94.9,96.5,95.1,42.7,48.0,46.8,44.5,16.7,7.7,76,1.7,223602,225919,244302.0,0.01,19.0,19.3,19.8,4112,False,,Schools,Senior services,Street flooding,182699928,22.8,20.2,21,4.4,7.1,4.9
413,0.24893241043724068,0.22263199707417602,0.118134022551583,,291,,8044.4,"American Community Survey 2013-2017 5-Year Estimates for PUMA 4105, which is an approximation of Queens CD 13","American Community Survey (ACS) 2013-2017 5-year estimates for floodplain area within PUMA 4105, which is an approximation of Queens CD 13.",2010 Census population counts for floodplain area within Queens CD 13.,12.6,413,info@qcb13.org,www1.nyc.gov/site/queenscb13/index.page,Queens Community District 13,Queens CD 13,http://www1.nyc.gov/assets/planning/download/pdf/community/community-portal/statement_needs/qn13_statement_2018.pdf,69527,60790,6,7,15,48,1698,19371,96515,8.711107,9.1,11.8,2.7,2.8,3.7,3.9,3.2,3.2,3.2,3.9,2.6,4.3,4.0,3.4,2.8,2.2,1.7,1.1,1.6,2.9,1.05,1847,0.48329141200000003,1345,40000.0,2174,0.774,0.5347809379999999,2783,0.781171398,2686,0.438990826,957,2583,2.41,3906,0.505129458,2068,35000.0,3189,0.813,0.513225523,4094,0.7789447970000001,12284,0.461967695,1573,5053,13.0,29.3,23.1,6576407,5174153,1881883,29191191,1024187,2118663,19367441,146717100,4572448,12723527,6067637,4310631,533,165,663,54,40,55,240,39915,8,694,43666,167,896,2.8,3.0,3.4,3.7,3.3,3.0,2.8,2.9,2.7,3.5,3.5,3.0,2.2,1.9,1.2,0.6,0.6,2.7,47.2,43.5,40.8,0.9,0.3,0.2,0.8,2.7,0.6,0.3,0.8,0.3,0.1,0.9,0.2,0.1,0.5,0.0,0.1,0.6,0.6,0.0,0.1,0.1,0.1,0.4,"Bellaire, Bellerose, Brookville, Cambria Heights, Floral Park, Glen Oaks, Laurelton, New Hyde Park, Queens Village, Rosedale, Springfield Gardens",15.9,14.3,13.6,15.0,29.2,30.8,36.7,55.7,97.5,96.5,95.1,42.0,43.4,46.8,44.5,12.3,5.5,39,11.4,196284,188593,205640.0,-0.04,12.3,19.3,19.8,4105,False,,"Commercial development (retail mix, small business and MWBE support, etc.)",Neighborhood preservation (development trends),Traffic,239725268,19.9,20.2,21,4.4,5.0,4.9
414,0.17163236452067057,0.1620145069537763,0.05936417514536707,,183,,4494.9,"American Community Survey 2013-2017 5-Year Estimates for PUMA 4114, which is an approximation of Queens CD 14","American Community Survey (ACS) 2013-2017 5-year estimates for floodplain area within PUMA 4114, which is an approximation of Queens CD 14.",2010 Census population counts for floodplain area within Queens CD 14.,7.0,414,cbrock14@nyc.rr.com,www1.nyc.gov/site/queenscb14/index.page,Queens Community District 14,Queens CD 14,http://www1.nyc.gov/assets/planning/download/pdf/community/community-portal/statement_needs/qn14_statement_2018.pdf,20655,46240,13,6,13,35,1278,19371,96515,11.63837,9.1,11.8,3.6,3.0,3.3,3.3,3.8,3.3,3.0,3.3,3.8,3.8,3.5,2.9,2.5,2.0,1.5,1.1,1.2,4.4,6.68,17004,0.380553993,5413,29000.0,9145,2.859,0.352489282,14224,0.642927447,75307,0.530835433,11164,37889,10.59,18104,0.379674348,5503,29000.0,9310,2.859,0.336623546,14494,0.642334759,89752,0.5198957129999999,12164,39681,12.6,10.9,23.1,3530262,1147932,1500087,61464189,4039974,1559057,8642714,62790795,13651774,6686196,4294281,35457061,216,58,198,115,46,56,205,11016,98,1194,14923,153,1441,3.0,3.1,2.8,3.4,2.6,2.9,1.8,2.9,4.0,3.2,3.4,3.0,2.1,1.3,1.1,0.8,0.7,4.5,51.2,43.5,40.8,1.4,0.3,0.2,1.2,2.7,0.6,0.3,1.1,0.3,0.1,1.4,0.2,0.1,0.7,0.0,0.1,1.4,1.0,0.0,0.1,0.1,0.1,0.6,"Arverne, Bayswater, Belle Harbor, Breezy Point, Broad Channel, Edgemere, Far Rockaway, Hammels, Neponsit, Rockaway Park, The Rockaways, Roxbury, Seaside, Somerville",14.3,14.3,13.6,3.5,27.6,30.8,36.7,35.1,96.3,96.5,95.1,26.1,44.6,46.8,44.5,24.4,2.2,85,35.1,106686,114978,123012.0,0.08,17.2,19.3,19.8,4114,False,,Resiliency,Transit (buses & subways),Unemployment,204764322,27.4,20.2,21,4.4,5.1,4.9
501,0.2515627146602148,0.23503813871794055,0.07030593431521637,,353,,8653.9,"American Community Survey 2013-2017 5-Year Estimates for PUMA 3903, which is an approximation of Staten Island CD 1","American Community Survey (ACS) 2013-2017 5-year estimates for floodplain area within PUMA 3903, which is an approximation of Staten Island CD 1.",2010 Census population counts for floodplain area within Staten Island CD 1.,13.5,501,sicb1@si.rr.com,www1.nyc.gov/site/statenislandcb1/index.page,Staten Island Community District 1,Staten Island CD 1,http://www1.nyc.gov/assets/planning/download/pdf/community/community-portal/statement_needs/si01_statement_2018.pdf,49028,64754,21,8,55,28,1609,2779,96515,9.734195,6.5,11.8,3.4,3.3,3.4,3.8,3.3,3.3,3.4,3.5,3.2,3.6,3.4,3.1,2.4,1.7,1.2,0.9,1.0,3.1,3.36,1525,0.366854698,1886,27000.0,4003,0.966,0.418648209,5141,0.778642288,2280,0.553782718,3089,3012,6.21,2602,0.37092950700000005,2973,30000.0,6307,0.976,0.43673714,8015,0.786899563,4856,0.551464435,4613,4296,12.3,10.9,23.1,16476080,10807523,4480637,45156097,5944720,2950184,23490226,129428851,6739200,12874823,24340011,29480919,816,281,963,146,114,57,362,32782,65,1126,39301,403,1890,3.2,3.6,3.8,3.8,3.5,3.0,3.2,3.2,3.4,3.6,3.2,2.8,2.4,1.1,0.8,0.7,0.4,3.2,43.3,44.0,40.8,0.9,0.7,0.2,1.0,2.0,1.8,0.3,0.7,0.4,0.1,1.1,0.7,0.1,0.4,0.1,0.1,1.2,0.5,0.1,0.1,0.1,0.2,0.3,"Arlington, Castleton Corners, Clifton, Elm Park, Fox Hills, Graniteville, Grymes Hill, Howland Hook, Livingston, Mariner's Harbor, New Brighton, Old Place, Park Hill, Port Ivory, Port Richmond, Randall Manor, Rosebank, Shore Acres, Silver Lake, St. George, Stapleton, Sunnyside, Tompkinsville, Ward Hill, West Brighton, West New Brighton, Westerliegh, Willowbrook",12.7,15.1,13.6,7.6,30.3,32.1,36.7,21.5,96.6,98.3,95.1,24.1,49.8,47.0,44.5,29.6,3.1,65,38.2,162609,175756,173491.0,0.08,21.2,16.2,19.8,3903,False,,Traffic,Transit (buses & subways),Other,312169271,23.5,22.1,21,3.2,3.3,4.9
502,0.2567177741361156,0.26126501031239563,-0.01740468871374279,,160,,13617.2,"American Community Survey 2013-2017 5-Year Estimates for PUMA 3902, which is an approximation of Staten Island CD 2","American Community Survey (ACS) 2013-2017 5-year estimates for floodplain area within PUMA 3902, which is an approximation of Staten Island CD 2.",2010 Census population counts for floodplain area within Staten Island CD 2.,21.3,502,dderrico@cb.nyc.gov,www.cb2si.com/,Staten Island Community District 2,Staten Island CD 2,http://www1.nyc.gov/assets/planning/download/pdf/community/community-portal/statement_needs/si02_statement_2018.pdf,39870,49152,22,4,26,19,666,2779,96515,6.441562,6.5,11.8,2.8,2.9,3.4,3.2,3.0,3.0,3.6,3.7,2.9,4.0,3.8,3.7,2.9,2.2,1.5,1.4,1.7,2.6,8.94,7755,0.409715619,4740,37000.0,7969,2.6519999999999997,0.631599061,11569,0.68882358,20686,0.56786486,2891,8391,17.07,10899,0.41975144600000003,6316,34000.0,10409,2.702,0.630848566,15047,0.691765801,30058,0.54606968,3793,12047,13.8,10.9,23.1,20182201,9760608,2187227,111118371,1386512,2164038,49519902,129008330,3523608,10287784,37277836,80631488,735,89,365,168,26,58,196,30010,21,519,34853,158,2406,2.9,3.1,2.8,3.4,3.1,2.5,3.3,3.4,3.0,3.3,3.4,3.3,2.5,1.8,1.2,0.7,0.8,3.0,42.5,44.0,40.8,1.1,0.7,0.2,1.0,3.5,1.8,0.3,0.9,0.4,0.1,0.9,0.7,0.1,0.5,0.1,0.1,1.1,0.6,0.1,0.1,0.1,0.2,0.3,"Arrochar, Bloomfield, Bulls Head, Chelsea, Concord, Dongan Hills, Egbertville, Emerson Hill, Grant City, Grasmere, Heartland Village, Lighthouse Hill, Manor Heights, Midland Beach, New Dorp, New Dorp Beach, New Springville, Old Town, South Beach, Todt Hill, Travis, Willowbrook",16.9,15.1,13.6,13.9,32.7,32.1,36.7,4.1,98.9,98.3,95.1,28.0,45.3,47.0,44.5,13.7,1.9,70,66.5,127071,132003,136859.0,0.04,14.9,16.2,19.8,3902,False,,Senior services,Traffic,Other,457047905,21.1,22.1,21,3.2,3.2,4.9
503,0.26075177041915815,0.2737790866689231,-0.0475833140079055,,165,,13750.9,"American Community Survey 2013-2017 5-Year Estimates for PUMA 3901, which is an approximation of Staten Island CD 3","American Community Survey (ACS) 2013-2017 5-year estimates for floodplain area within PUMA 3901, which is an approximation of Staten Island CD 3.",2010 Census population counts for floodplain area within Staten Island CD 3.,21.5,503,sicb3@cb.nyc.gov,www1.nyc.gov/site/statenislandcb3/index.page,Staten Island Community District 3,Staten Island CD 3,http://www1.nyc.gov/assets/planning/download/pdf/community/community-portal/statement_needs/si03_statement_2018.pdf,51472,60642,1,5,62,25,485,2779,96515,3.109412,6.5,11.8,3.5,2.8,3.0,3.1,3.2,2.8,3.8,3.9,2.3,4.0,4.0,3.3,2.9,2.4,1.6,1.0,1.2,2.8,6.98,3974,0.363861216,5296,44000.0,10039,2.451,0.7749028379999999,14555,0.6897286159999999,8473,0.47100063700000006,1478,4736,14.43,5998,0.37705389,6563,40000.0,12249,2.5660000000000003,0.763454538,17406,0.703722854,14052,0.50965717,2111,7603,7.2,10.9,23.1,16672691,13226484,2284618,83485682,3241897,3078635,23534290,191964690,890421,5507321,24313626,108002258,473,133,300,884,82,59,157,44264,4,191,50321,226,3442,3.1,2.9,3.1,3.2,2.9,3.0,3.6,3.5,3.4,3.8,3.4,3.0,2.4,2.0,1.3,0.8,0.5,2.6,46.0,44.0,40.8,1.5,0.7,0.2,1.0,4.8,1.8,0.3,0.5,0.4,0.1,1.0,0.7,0.1,0.4,0.1,0.1,0.7,0.5,0.1,0.1,0.1,0.2,0.3,"Annadale, Arden Heights, Bay Terrace, Butler Manor, Charleston, Eltingville, Fresh Kills, Great Kills, Greenridge, Huguenot, Oakwood, Oakwood Beach, Oakwood Heights, Pleasant Plains, Prince's Bay, Richmond Town, Richmond Valley, Rossville, Sandy Ground, Tottenville, Woodrow",16.0,15.1,13.6,4.7,33.4,32.1,36.7,1.0,99.0,98.3,95.1,15.6,42.2,47.0,44.5,9.9,1.1,60,83.4,152908,160209,165598.0,0.05,12.3,16.2,19.8,3901,False,,Street conditions (roadway maintenance),Street flooding,Traffic,476202613,21.5,22.1,21,3.2,3.2,4.9
